time_slot,cpu_request_sum_actual,cpu_request_sum_predicted,memory_request_sum_actual,memory_request_sum_predicted,duration_minutes_mean_actual,duration_minutes_mean_predicted,job_count_actual,job_count_predicted,batch_count_actual,batch_count_predicted,interactive_count_actual,interactive_count_predicted
2025-04-01 00:00:00,96,38.02528,486.5,124.26739,3075.656575,304.0513,1,1.6967728,1,1.2665794,0,0.17431732
2025-04-01 00:05:00,0,16.584461,0.0,49.46521,0.0,63.964165,0,0.85021865,0,0.6778121,0,0.16800198
2025-04-01 00:10:00,0,11.432331,0.0,24.80344,0.0,25.548655,0,0.72869945,0,0.51221013,0,0.12472449
2025-04-01 00:15:00,64,6.8940454,317.5,14.473894,1878.489098,16.366018,1,0.5543624,1,0.4636255,0,0.08856466
2025-04-01 00:20:00,0,6.0760136,0.0,12.424439,0.0,13.836051,0,0.42274866,0,0.33137676,0,0.090958506
2025-04-01 00:25:00,0,3.812645,0.0,6.9185104,0.0,10.280757,0,0.3725007,0,0.2990127,0,0.07488482
2025-04-01 00:30:00,48,4.7445025,245.0,8.301897,339.7441,12.0399065,1,0.35118902,1,0.30859214,0,0.07851785
2025-04-01 00:35:00,64,6.8844376,321.0,15.13542,34247.530932,18.417673,1,0.54959095,1,0.35030913,0,0.116063796
2025-04-01 00:40:00,0,7.30466,0.0,15.447559,0.0,8.826235,0,0.51592755,0,0.35017204,0,0.11953143
2025-04-01 00:45:00,0,10.846156,0.0,24.961475,0.0,29.458284,0,0.57947457,0,0.40951124,0,0.08387158
2025-04-01 00:50:00,0,7.2924576,0.0,12.338262,0.0,14.310239,0,0.49558103,0,0.36413792,0,0.06484434
2025-04-01 00:55:00,0,4.1513295,0.0,7.4467373,0.0,3.9759955,0,0.42912075,0,0.35789457,0,0.06524103
2025-04-01 01:00:00,48,4.520327,203.0,8.627558,14.059091,12.838162,1,0.44927716,0,0.38337487,1,0.05997513
2025-04-01 01:05:00,0,6.3507667,0.0,15.501276,0.0,18.028242,0,0.5675452,0,0.43597534,0,0.07103772
2025-04-01 01:10:00,0,5.093736,0.0,10.322306,0.0,11.644513,0,0.4924804,0,0.35148868,0,0.08856851
2025-04-01 01:15:00,0,4.618919,0.0,8.861611,0.0,9.513289,0,0.4613153,0,0.34559903,0,0.09604635
2025-04-01 01:20:00,0,3.7825904,0.0,8.091191,0.0,6.488481,0,0.4252153,0,0.30288017,0,0.10091013
2025-04-01 01:25:00,24,2.661521,121.0,5.525715,53.3357135,4.671297,2,0.35916072,1,0.25835833,1,0.07956238
2025-04-01 01:30:00,88,6.332268,433.0,14.318747,2278.991449,15.751873,3,0.69098294,2,0.41831812,1,0.18749943
2025-04-01 01:35:00,0,19.077047,0.0,54.488102,0.0,40.92307,0,0.99774444,0,0.6222706,0,0.2463523
2025-04-01 01:40:00,112,14.395409,580.0,37.990803,391.984351,39.6302,2,0.8270229,1,0.5522567,1,0.14078224
2025-04-01 01:45:00,0,28.30907,0.0,92.673195,0.0,75.09243,0,1.134481,0,0.7968545,0,0.23217714
2025-04-01 01:50:00,408,12.335311,1967.0,35.13106,6066.4385018,35.38348,5,0.7835406,4,0.5451473,1,0.15452151
2025-04-01 01:55:00,0,43.26502,0.0,142.9733,0.0,217.1374,0,1.569402,0,1.1465101,0,0.21498598
2025-04-01 02:00:00,0,13.09031,0.0,40.206726,0.0,72.64097,0,0.77336943,0,0.7222761,0,0.1477172
2025-04-01 02:05:00,0,11.459717,0.0,26.775686,0.0,26.4206,0,0.8512341,0,0.6092237,0,0.117384814
2025-04-01 02:10:00,0,11.351915,0.0,28.896318,0.0,29.480383,0,0.8414453,0,0.5437013,0,0.15234232
2025-04-01 02:15:00,0,1.7125616,0.0,3.8463979,0.0,4.346607,0,0.32023105,0,0.31321174,0,0.058376104
2025-04-01 02:20:00,0,2.689241,0.0,5.9087243,0.0,5.4452105,0,0.3664522,0,0.28791708,0,0.07113726
2025-04-01 02:25:00,48,1.8746691,248.0,3.8875227,90.433806,3.520053,1,0.28371152,1,0.256366,0,0.047255132
2025-04-01 02:30:00,0,3.1110868,0.0,6.843624,0.0,8.8108835,0,0.38014746,0,0.34395614,0,0.054815978
2025-04-01 02:35:00,0,3.8402786,0.0,8.304878,0.0,8.968881,0,0.40158334,0,0.3161324,0,0.05816502
2025-04-01 02:40:00,0,3.0480018,0.0,6.114825,0.0,7.47915,0,0.36575344,0,0.31184158,0,0.04981538
2025-04-01 02:45:00,96,2.9950087,453.5,6.596731,134.960092,7.1028337,1,0.36566937,1,0.3073539,0,0.05057754
2025-04-01 02:50:00,0,5.031467,0.0,11.973486,0.0,12.206221,0,0.469718,0,0.36712974,0,0.05260788
2025-04-01 02:55:00,64,4.4898915,329.5,9.980755,59.564319,12.724487,1,0.43735293,1,0.34740546,0,0.052880257
2025-04-01 03:00:00,0,6.3069873,0.0,15.052032,0.0,19.53691,0,0.5546495,0,0.43955564,0,0.07268869
2025-04-01 03:05:00,0,6.345331,0.0,15.261332,0.0,14.255652,0,0.5285864,0,0.4102629,0,0.08090394
2025-04-01 03:10:00,0,3.2776299,0.0,7.3924,0.0,6.6330075,0,0.36917385,0,0.31054968,0,0.0524337
2025-04-01 03:15:00,0,3.0103135,0.0,6.3126154,0.0,6.276854,0,0.37401262,0,0.31618652,0,0.057860754
2025-04-01 03:20:00,0,2.2004364,0.0,4.662479,0.0,5.004042,0,0.316069,0,0.30063897,0,0.044659216
2025-04-01 03:25:00,0,2.4060788,0.0,5.0219455,0.0,4.7936444,0,0.3296769,0,0.27776664,0,0.070531584
2025-04-01 03:30:00,0,2.605478,0.0,5.3321757,0.0,5.4607754,0,0.32874942,0,0.26962316,0,0.048533995
2025-04-01 03:35:00,0,1.9289856,0.0,4.0237827,0.0,5.23682,0,0.28998628,0,0.2787493,0,0.048001707
2025-04-01 03:40:00,8,2.5752916,40.0,5.3863053,3.662796,4.695035,1,0.30901596,0,0.27629197,1,0.04367749
2025-04-01 03:45:00,0,3.2918558,0.0,7.328376,0.0,5.2923365,0,0.38434952,0,0.31640738,0,0.048946977
2025-04-01 03:50:00,0,3.4655628,0.0,7.6538687,0.0,6.6034627,0,0.38055253,0,0.3048955,0,0.046453625
2025-04-01 03:55:00,0,3.153246,0.0,7.360484,0.0,5.9310184,0,0.35478446,0,0.31226775,0,0.042421404
2025-04-01 04:00:00,96,2.7638404,485.5,6.2341065,1259.455073,8.368644,1,0.33919457,1,0.32525545,0,0.033111237
2025-04-01 04:05:00,0,4.573418,0.0,10.09466,0.0,11.23721,0,0.44028866,0,0.40872103,0,0.055130754
2025-04-01 04:10:00,64,4.6383986,300.5,9.148516,440.745522,12.816151,1,0.4352424,1,0.38109162,0,0.049792428
2025-04-01 04:15:00,0,5.3347683,0.0,12.750956,0.0,12.647393,0,0.4615026,0,0.38016638,0,0.070594124
2025-04-01 04:20:00,0,4.0147305,0.0,8.371275,0.0,9.873975,0,0.38103148,0,0.31056195,0,0.06327055
2025-04-01 04:25:00,0,3.0705838,0.0,6.7062798,0.0,7.398244,0,0.3624248,0,0.3036203,0,0.05150102
2025-04-01 04:30:00,0,2.6632218,0.0,5.0447392,0.0,6.0534143,0,0.31393495,0,0.26749268,0,0.04871756
2025-04-01 04:35:00,64,2.152935,363.5,4.4579654,465.635244,4.733861,1,0.28482097,1,0.24214177,0,0.040663455
2025-04-01 04:40:00,0,5.4434175,0.0,13.026033,0.0,11.81873,0,0.46310246,0,0.3935622,0,0.058844764
2025-04-01 04:45:00,0,3.887167,0.0,8.987656,0.0,10.052019,0,0.39919844,0,0.32715902,0,0.049098026
2025-04-01 04:50:00,0,2.9247365,0.0,6.1526833,0.0,5.3706484,0,0.32669842,0,0.28450742,0,0.037382696
2025-04-01 04:55:00,0,3.0126977,0.0,6.3838267,0.0,7.1158094,0,0.333393,0,0.29277897,0,0.037060056
2025-04-01 05:00:00,0,3.0680008,0.0,6.7162576,0.0,8.802466,0,0.3775803,0,0.30079457,0,0.05644934
2025-04-01 05:05:00,0,2.50636,0.0,4.7580824,0.0,5.203679,0,0.31667036,0,0.2619452,0,0.04482129
2025-04-01 05:10:00,0,3.1102204,0.0,6.004614,0.0,7.6031685,0,0.34251,0,0.27804986,0,0.050791994
2025-04-01 05:15:00,0,2.0449152,0.0,3.9424257,0.0,4.455069,0,0.24962659,0,0.21374221,0,0.034893125
2025-04-01 05:20:00,0,2.2740476,0.0,4.8755035,0.0,5.9158087,0,0.29786754,0,0.25252342,0,0.038889337
2025-04-01 05:25:00,0,2.1939137,0.0,4.4747887,0.0,5.3664403,0,0.27219766,0,0.23176236,0,0.040694144
2025-04-01 05:30:00,0,2.1331077,0.0,4.171426,0.0,4.9026484,0,0.2547847,0,0.22892654,0,0.035785332
2025-04-01 05:35:00,0,2.6527123,0.0,5.317465,0.0,5.6383014,0,0.29200757,0,0.24375775,0,0.060056634
2025-04-01 05:40:00,48,1.9828384,228.0,3.7793107,5050.029073,3.6136818,1,0.23481049,1,0.21768041,0,0.028996527
2025-04-01 05:45:00,0,3.2655134,0.0,7.8086824,0.0,5.9598093,0,0.35058883,0,0.34810635,0,0.059250623
2025-04-01 05:50:00,0,3.6804671,0.0,7.709673,0.0,6.5072045,0,0.33071518,0,0.30453992,0,0.050018746
2025-04-01 05:55:00,0,3.8795776,0.0,8.043648,0.0,5.683362,0,0.33202192,0,0.29124394,0,0.05332766
2025-04-01 06:00:00,0,1.9660289,0.0,4.24725,0.0,5.7187304,0,0.27432784,0,0.2716878,0,0.047250915
2025-04-01 06:05:00,0,1.4524524,0.0,2.629025,0.0,3.490399,0,0.22150211,0,0.2399501,0,0.03515565
2025-04-01 06:10:00,0,0.9600246,0.0,1.7714448,0.0,2.3256545,0,0.16647232,0,0.17563221,0,0.032585893
2025-04-01 06:15:00,112,1.1111839,562.5,1.9258513,696.0905535,2.016846,2,0.17891353,2,0.18565618,0,0.031888932
2025-04-01 06:20:00,96,3.7954187,477.0,8.63765,14.273369,8.875575,1,0.3855448,0,0.35836983,1,0.06916795
2025-04-01 06:25:00,0,6.309702,0.0,14.790383,0.0,10.81769,0,0.52539,0,0.41915926,0,0.09740078
2025-04-01 06:30:00,96,6.033057,603.0,14.941373,5275.006263,13.033031,1,0.50853455,1,0.4354195,0,0.07929508
2025-04-01 06:35:00,0,8.526832,0.0,19.630713,0.0,27.906889,0,0.64119303,0,0.53559184,0,0.07613436
2025-04-01 06:40:00,0,4.5712514,0.0,10.094969,0.0,10.976985,0,0.42106837,0,0.36274245,0,0.05000211
2025-04-01 06:45:00,0,4.0377703,0.0,8.796116,0.0,9.58628,0,0.38292745,0,0.3381458,0,0.050535794
2025-04-01 06:50:00,0,4.251592,0.0,9.556013,0.0,9.313886,0,0.38421056,0,0.31976265,0,0.053278133
2025-04-01 06:55:00,16,1.9799695,81.0,3.7807007,529.889964,4.804653,2,0.27885613,2,0.24050964,0,0.03793331
2025-04-01 07:00:00,0,4.5584884,0.0,10.17371,0.0,13.445435,0,0.45282003,0,0.44617498,0,0.06783641
2025-04-01 07:05:00,0,3.7774806,0.0,7.5253267,0.0,6.424868,0,0.4052445,0,0.33855012,0,0.078109674
2025-04-01 07:10:00,0,3.30273,0.0,7.2092304,0.0,7.414609,0,0.38182014,0,0.31505424,0,0.056834057
2025-04-01 07:15:00,0,2.9295635,0.0,6.3087244,0.0,5.956386,0,0.3695409,0,0.2933984,0,0.06024909
2025-04-01 07:20:00,64,1.8336811,351.0,3.714921,274.001938,4.2342887,1,0.25174695,1,0.23412684,0,0.03434142
2025-04-01 07:25:00,0,2.776889,0.0,5.2641726,0.0,7.050227,0,0.31998497,0,0.30291942,0,0.043863125
2025-04-01 07:30:00,0,2.6945875,0.0,5.4456744,0.0,6.98227,0,0.32965833,0,0.2979772,0,0.04453598
2025-04-01 07:35:00,64,3.6644268,317.0,7.83399,87.726417,7.1771746,1,0.36189973,1,0.29843315,0,0.050198242
2025-04-01 07:40:00,0,4.2514052,0.0,8.587109,0.0,9.128586,0,0.42507088,0,0.34358096,0,0.06442878
2025-04-01 07:45:00,0,3.1890068,0.0,7.073902,0.0,8.793011,0,0.36165956,0,0.3010996,0,0.045577675
2025-04-01 07:50:00,0,2.3028421,0.0,3.73604,0.0,5.399536,0,0.29559362,0,0.261635,0,0.025083635
2025-04-01 07:55:00,96,2.7721503,485.0,6.1723666,1533.763768,5.3937154,1,0.34628564,1,0.29062906,0,0.04135821
2025-04-01 08:00:00,0,4.4020004,0.0,11.272306,0.0,12.989914,0,0.4499747,0,0.419744,0,0.05058188
2025-04-01 08:05:00,0,4.758703,0.0,11.794121,0.0,10.294929,0,0.4548208,0,0.38857263,0,0.03950247
2025-04-01 08:10:00,0,4.0474467,0.0,8.940189,0.0,8.147974,0,0.40452075,0,0.34419045,0,0.045417104
2025-04-01 08:15:00,0,3.35465,0.0,7.632633,0.0,6.8540826,0,0.38867462,0,0.30964252,0,0.050365373
2025-04-01 08:20:00,0,1.7370632,0.0,3.6176186,0.0,3.4604492,0,0.22946557,0,0.19724993,0,0.028249513
2025-04-01 08:25:00,0,2.0258925,0.0,3.9174576,0.0,4.9380836,0,0.31127417,0,0.24296464,0,0.04680878
2025-04-01 08:30:00,0,1.2979059,0.0,2.4461272,0.0,2.3122175,0,0.20879011,0,0.15224697,0,0.022742374
2025-04-01 08:35:00,0,1.9341798,0.0,3.6505308,0.0,3.9813428,0,0.26697746,0,0.22855267,0,0.02807623
2025-04-01 08:40:00,48,2.2446308,242.0,4.7915034,131.318121,5.4481955,1,0.30420563,1,0.27789256,0,0.025317678
2025-04-01 08:45:00,64,3.3769946,321.0,8.040268,125.612214,8.571832,1,0.38591307,1,0.35042107,0,0.042946577
2025-04-01 08:50:00,0,3.8574123,0.0,8.208222,0.0,10.406946,0,0.39993665,0,0.31703153,0,0.055614207
2025-04-01 08:55:00,0,5.429758,0.0,11.868306,0.0,12.912106,0,0.43817422,0,0.35671416,0,0.09060983
2025-04-01 09:00:00,0,3.3615413,0.0,6.4165206,0.0,5.9017406,0,0.34200117,0,0.27511367,0,0.09008027
2025-04-01 09:05:00,0,3.1780815,0.0,7.777211,0.0,7.2346354,0,0.33834457,0,0.30930418,0,0.06303306
2025-04-01 09:10:00,96,1.8167162,479.0,3.4765081,16.30324,3.98252,1,0.25232196,0,0.21753007,1,0.044820208
2025-04-01 09:15:00,0,3.061995,0.0,6.641157,0.0,6.363274,0,0.33723518,0,0.25763276,0,0.07040925
2025-04-01 09:20:00,0,3.8211365,0.0,9.81643,0.0,8.59291,0,0.37536943,0,0.27329898,0,0.085820705
2025-04-01 09:25:00,0,2.3977065,0.0,4.818421,0.0,4.964264,0,0.2759775,0,0.21152818,0,0.08012433
2025-04-01 09:30:00,0,2.54537,0.0,5.1929135,0.0,5.501799,0,0.29013515,0,0.23435432,0,0.08387594
2025-04-01 09:35:00,0,1.4326174,0.0,2.6109333,0.0,2.321783,0,0.2064541,0,0.16244794,0,0.053581443
2025-04-01 09:40:00,0,1.4750631,0.0,2.9351068,0.0,3.5154653,0,0.25005352,0,0.21911044,0,0.054634206
2025-04-01 09:45:00,0,2.2101395,0.0,4.885474,0.0,4.6463494,0,0.2872044,0,0.21636865,0,0.07446867
2025-04-01 09:50:00,0,1.6405787,0.0,3.0927477,0.0,2.6092985,0,0.2813893,0,0.20638983,0,0.062196705
2025-04-01 09:55:00,0,2.4498022,0.0,5.0663915,0.0,4.2861204,0,0.30430558,0,0.23401184,0,0.075025685
2025-04-01 10:00:00,0,2.459789,0.0,4.8294945,0.0,4.9932647,0,0.3236238,0,0.25451842,0,0.0669727
2025-04-01 10:05:00,0,2.5530903,0.0,4.812387,0.0,4.6809187,0,0.3680523,0,0.26346403,0,0.07796712
2025-04-01 10:10:00,0,2.735142,0.0,4.8915153,0.0,4.918799,0,0.3424253,0,0.25507805,0,0.0811277
2025-04-01 10:15:00,0,2.5573323,0.0,4.6804237,0.0,4.0290346,0,0.31118014,0,0.21669853,0,0.07746258
2025-04-01 10:20:00,0,2.454302,0.0,4.527335,0.0,3.7381544,0,0.31108546,0,0.202848,0,0.07746258
2025-04-01 10:25:00,0,2.2621224,0.0,4.5659614,0.0,3.6745033,0,0.31844956,0,0.2142418,0,0.07182125
2025-04-01 10:30:00,0,2.5085304,0.0,5.3693523,0.0,3.933456,0,0.36199996,0,0.22381504,0,0.0898891
2025-04-01 10:35:00,0,3.028283,0.0,7.0607996,0.0,4.875795,0,0.42793486,0,0.21664935,0,0.1726278
2025-04-01 10:40:00,104,4.168725,528.5,8.986294,109.1478905,4.966119,2,0.46766216,1,0.2692388,1,0.20528215
2025-04-01 10:45:00,96,6.711996,484.5,15.671381,138.729449,11.587583,1,0.66589546,1,0.37868142,0,0.21202055
2025-04-01 10:50:00,0,13.144739,0.0,34.822548,0.0,12.557427,0,1.2402053,0,0.7111598,0,0.8013623
2025-04-01 10:55:00,96,8.700762,473.0,26.19959,162.6422695,10.100165,2,0.7383251,2,0.36656272,0,0.2904753
2025-04-01 11:00:00,128,11.511605,636.0,28.605938,58.556029,32.714527,2,0.83560526,1,0.5786022,1,0.2076537
2025-04-01 11:05:00,544,11.764804,2722.0,30.068352,515.2274204444444,24.656605,9,0.8198167,8,0.5306519,1,0.34383506
2025-04-01 11:10:00,360,92.18497,1801.5,366.52512,193.570546625,273.75165,8,2.840427,3,2.2046473,5,0.88750744
2025-04-01 11:15:00,680,257.54208,3379.0,1037.5011,1712.0825833,261.11588,10,5.419473,8,2.8579457,2,1.7871354
2025-04-01 11:20:00,824,353.80798,4123.5,1210.109,166.59564316666666,239.76053,12,7.459717,4,5.433929,8,1.9408891
2025-04-01 11:25:00,716,698.19464,3642.0,2832.2834,213.0688813333333,379.52457,12,12.287227,6,6.3331075,6,8.423439
2025-04-01 11:30:00,328,487.5622,1700.0,2158.9426,337.7351608,366.1165,5,10.495494,3,5.994352,2,3.6335769
2025-04-01 11:35:00,384,233.33849,1950.0,1140.4219,255.0308796,280.04947,5,5.9597535,3,3.8485413,2,2.4380617
2025-04-01 11:40:00,244,302.163,1251.5,2127.1467,338.287876,375.90295,5,6.8315415,3,2.8630867,2,2.3654375
2025-04-01 11:45:00,696,223.4715,3455.0,1001.5492,793.5465709166666,402.73227,12,5.0326357,9,3.1364484,3,1.192033
2025-04-01 11:50:00,632,531.6535,3183.0,2383.1523,2868.7155622727278,557.2193,11,8.939909,11,7.293977,0,1.5923855
2025-04-01 11:55:00,584,317.82846,2946.5,1301.476,312.54810385714285,460.31555,7,8.899359,4,7.697938,3,1.4754307
2025-04-01 12:00:00,0,45.424007,0.0,155.09862,0.0,292.1323,0,2.192778,0,2.3030567,0,1.0284879
2025-04-01 12:05:00,0,19.483486,0.0,69.85945,0.0,33.248337,0,1.037818,0,0.63498306,0,0.2942582
2025-04-01 12:10:00,0,16.662054,0.0,41.297344,0.0,35.63992,0,0.89767015,0,0.4919174,0,0.24288137
2025-04-01 12:15:00,0,10.2221775,0.0,18.958683,0.0,16.570158,0,0.74674153,0,0.5232254,0,0.2985867
2025-04-01 12:20:00,48,2.4425209,192.0,4.97928,748.523308,4.3225174,1,0.34777334,1,0.22216928,0,0.10034359
2025-04-01 12:25:00,48,2.9258683,248.0,6.794528,726.091761,6.724504,1,0.39752233,1,0.29455993,0,0.10175701
2025-04-01 12:30:00,0,4.4119306,0.0,9.0051775,0.0,7.2624645,0,0.48948416,0,0.30742615,0,0.21725398
2025-04-01 12:35:00,12,3.5883684,120.5,6.6905503,38.783304,5.9665966,1,0.40115345,0,0.25191492,1,0.206604
2025-04-01 12:40:00,96,5.5969357,476.5,11.569678,246.962489,11.115422,1,0.5807855,1,0.420175,0,0.13573432
2025-04-01 12:45:00,64,6.22718,310.0,12.489061,2.215223,12.571906,1,0.5781374,0,0.38523805,1,0.1903573
2025-04-01 12:50:00,0,4.9552684,0.0,11.415728,0.0,8.716866,0,0.56003654,0,0.369964,0,0.19256003
2025-04-01 12:55:00,64,6.3319244,337.5,15.53054,2.127421,12.41621,1,0.5853772,0,0.38628048,1,0.20273927
2025-04-01 13:00:00,208,5.756942,1081.5,12.265019,1082.0085643333332,9.255448,3,0.5574478,3,0.37877217,0,0.18642889
2025-04-01 13:05:00,256,20.160337,1288.5,61.317467,2124.773892,43.190323,2,1.1001775,2,0.6847904,0,0.2820927
2025-04-01 13:10:00,48,31.950111,237.5,100.34517,116.846445,57.27786,1,1.2291248,1,0.75675595,0,0.31217086
2025-04-01 13:15:00,96,22.656466,491.5,67.100235,11.592307,47.02333,1,1.0658276,0,0.7726474,1,0.32801116
2025-04-01 13:20:00,144,21.22723,683.5,62.759823,10.3280585,43.712875,2,1.0254416,0,0.7355658,2,0.3385993
2025-04-01 13:25:00,0,23.525759,0.0,75.65786,0.0,41.334267,0,1.0996234,0,0.6079018,0,0.4250121
2025-04-01 13:30:00,8,6.79735,31.0,14.998249,17.11103,9.4006605,1,0.61443925,0,0.3655247,1,0.31386954
2025-04-01 13:35:00,64,7.4154596,311.5,18.734398,2.26501,13.040206,1,0.6691116,0,0.38145652,1,0.31354633
2025-04-01 13:40:00,0,8.810112,0.0,22.685648,0.0,13.611334,0,0.7433398,0,0.41722575,0,0.3220198
2025-04-01 13:45:00,0,5.274203,0.0,11.600461,0.0,9.791342,0,0.5206809,0,0.3158126,0,0.18583158
2025-04-01 13:50:00,96,3.785644,481.5,7.214675,123.719603,3.7077522,1,0.4344538,1,0.23233603,0,0.16562942
2025-04-01 13:55:00,64,5.723239,323.0,12.297184,358.79116,10.727816,1,0.53450704,1,0.34778422,0,0.15315935
2025-04-01 14:00:00,0,6.777673,0.0,14.230547,0.0,10.944314,0,0.5273559,0,0.30930412,0,0.14412768
2025-04-01 14:05:00,0,5.395811,0.0,10.5694065,0.0,6.8104205,0,0.466566,0,0.28459167,0,0.14787406
2025-04-01 14:10:00,0,3.627417,0.0,6.509519,0.0,4.8230944,0,0.39710826,0,0.23208135,0,0.1348278
2025-04-01 14:15:00,0,2.7196329,0.0,4.6407804,0.0,3.6493,0,0.32797036,0,0.21128494,0,0.099174485
2025-04-01 14:20:00,0,2.2023263,0.0,3.865244,0.0,3.2532716,0,0.30008912,0,0.19394664,0,0.09680338
2025-04-01 14:25:00,72,2.2575045,352.0,3.805869,7321.814217499999,3.1227612,2,0.28489703,1,0.174294,1,0.10206247
2025-04-01 14:30:00,136,6.1188116,680.0,13.399499,11.539038666666665,9.068546,3,0.5696795,0,0.30457878,3,0.24154887
2025-04-01 14:35:00,16,17.876099,82.0,54.679276,1.182545,18.881819,1,1.1644235,0,0.41452387,1,0.8497739
2025-04-01 14:40:00,0,17.053898,0.0,49.195316,0.0,37.33202,0,0.93415236,0,0.4316687,0,0.6764144
2025-04-01 14:45:00,72,15.195969,544.5,41.359055,12.197796,23.285887,2,0.925431,0,0.39744657,2,0.69685197
2025-04-01 14:50:00,272,24.166492,1411.0,78.58369,10.470416333333333,30.893246,6,1.0463865,0,0.5025997,6,0.72075844
2025-04-01 14:55:00,144,88.77819,728.0,349.87808,188.45169833333333,74.043724,3,2.4924414,1,0.8305111,2,1.8289073
2025-04-01 15:00:00,192,37.80262,959.5,153.983,52.964797,55.68507,3,1.8915653,1,0.76516473,2,0.90633726
2025-04-01 15:05:00,64,54.731365,320.5,216.13626,2.029367,60.222446,1,2.0663953,0,0.9893334,1,0.8041378
2025-04-01 15:10:00,0,36.2075,0.0,124.1561,0.0,50.026516,0,1.6734083,0,0.69181776,0,0.731318
2025-04-01 15:15:00,64,12.160623,314.0,31.535492,574.836304,15.543856,1,0.8809407,1,0.39777637,0,0.35742164
2025-04-01 15:20:00,128,7.672778,673.5,18.648052,1309.9102555,15.854301,2,0.6447152,1,0.36706012,1,0.24646008
2025-04-01 15:25:00,64,11.151032,320.0,26.609398,16.217415,22.73552,1,0.8105347,0,0.501665,1,0.23739901
2025-04-01 15:30:00,0,8.419245,0.0,19.725763,0.0,18.138338,0,0.68519545,0,0.43983704,0,0.20964421
2025-04-01 15:35:00,96,5.695506,496.5,11.24232,67.946885,8.32688,1,0.5707196,1,0.319177,0,0.24709418
2025-04-01 15:40:00,64,6.6699266,333.5,15.444681,223.222337,15.389648,1,0.67396545,1,0.39133596,0,0.22465101
2025-04-01 15:45:00,0,6.9034066,0.0,14.271628,0.0,14.9720745,0,0.5851414,0,0.41154075,0,0.15034457
2025-04-01 15:50:00,8,5.313382,41.0,11.182814,114.15591,8.65808,1,0.50296926,1,0.31904888,0,0.1724574
2025-04-01 15:55:00,64,5.435911,321.0,10.465863,648.530187,14.381115,1,0.5341202,1,0.40665805,0,0.112391345
2025-04-01 16:00:00,472,6.8501964,2285.5,15.319042,4022.8643065714286,15.084486,7,0.59892786,6,0.45231807,1,0.15675402
2025-04-01 16:05:00,320,74.63565,1674.0,271.30627,277.7379375,233.85117,4,1.9169207,3,1.4393425,1,0.3716778
2025-04-01 16:10:00,184,98.50736,901.5,360.25034,2189.8199995,257.9148,4,2.3299108,4,1.7220261,0,0.6253067
2025-04-01 16:15:00,208,65.10864,1054.0,239.48723,276.76973639999994,232.0901,5,1.8228908,3,1.5392797,2,0.33792666
2025-04-01 16:20:00,184,98.07439,932.5,356.7581,2918.69306325,414.91895,4,2.74841,4,2.0871947,0,0.5339838
2025-04-01 16:25:00,192,49.354916,1103.0,174.26395,5037.7424325,200.01855,2,2.036171,2,1.435082,0,0.37334138
2025-04-01 16:30:00,256,53.35207,1292.5,193.59839,54.57466433333334,212.37973,3,1.9772711,1,1.2257271,2,0.44282064
2025-04-01 16:35:00,128,39.341137,658.5,162.40862,116.76177,111.08349,2,1.5812967,2,1.0735703,0,0.37077153
2025-04-01 16:40:00,240,37.528885,1196.0,172.89497,4340.754409333334,116.87938,3,1.5405841,3,1.0518839,0,0.39047775
2025-04-01 16:45:00,352,35.866837,1789.5,140.8278,652.442721,172.57562,6,1.6043615,6,1.259053,0,0.2891024
2025-04-01 16:50:00,320,76.16436,1590.5,384.74493,2310.3183184,262.48767,5,2.3613822,3,1.5696032,2,0.5578295
2025-04-01 16:55:00,404,86.56047,2058.5,349.4691,1397.592639375,391.81363,8,2.6095102,8,2.2201533,0,0.3236981
2025-04-01 17:00:00,8,58.125416,42.0,190.94362,51.448264,284.69516,1,2.8521442,0,3.0609088,1,0.739575
2025-04-01 17:05:00,96,38.969494,460.0,127.85834,1.885772,91.70459,1,1.3820348,0,0.656899,1,0.5251
2025-04-01 17:10:00,0,38.40889,0.0,126.39991,0.0,65.59531,0,1.5277233,0,0.8307582,0,0.69182694
2025-04-01 17:15:00,0,13.062414,0.0,29.932768,0.0,25.993282,0,0.9344692,0,0.46510553,0,0.27669638
2025-04-01 17:20:00,0,5.305948,0.0,9.416466,0.0,4.2779856,0,0.49724406,0,0.22150803,0,0.2206894
2025-04-01 17:25:00,0,3.956914,0.0,6.7865562,0.0,4.8063397,0,0.41345704,0,0.27278963,0,0.13603228
2025-04-01 17:30:00,96,3.8701859,479.0,7.388177,1.912669,4.8607526,1,0.44118378,0,0.2819445,1,0.14040573
2025-04-01 17:35:00,96,5.0327473,475.0,10.832128,2.039,6.0967793,1,0.49137568,0,0.2945794,1,0.14827314
2025-04-01 17:40:00,0,5.409929,0.0,15.118763,0.0,8.014887,0,0.5837803,0,0.3345843,0,0.23083918
2025-04-01 17:45:00,96,4.2742248,498.5,10.091446,135.510708,5.998181,1,0.44797227,1,0.26491535,0,0.1508948
2025-04-01 17:50:00,8,7.582671,39.0,18.34105,1458.644307,13.437051,1,0.6363344,1,0.38321277,0,0.16761363
2025-04-01 17:55:00,0,8.091928,0.0,19.882357,0.0,13.171828,0,0.61285627,0,0.45106593,0,0.12754503
2025-04-01 18:00:00,192,16.828415,952.5,43.994747,3673.966754,30.532396,1,1.4602311,1,1.3652697,0,0.23903687
2025-04-01 18:05:00,12,13.396475,118.5,22.278004,254.754368,38.425808,1,0.8611767,1,0.814157,0,0.20423758
2025-04-01 18:10:00,120,14.957994,574.5,28.398966,256.640231,27.657804,3,0.7869407,1,0.53978586,2,0.31606412
2025-04-01 18:15:00,0,18.363195,0.0,55.163277,0.0,40.12098,0,0.9634311,0,0.53028154,0,0.2751088
2025-04-01 18:20:00,64,9.689679,333.5,22.295547,1110.711613,16.468441,1,0.7480688,1,0.40336046,0,0.28631252
2025-04-01 18:25:00,64,11.564824,326.5,37.729687,218.972968,31.442104,1,0.78679407,1,0.44918647,0,0.29640514
2025-04-01 18:30:00,160,9.559668,804.0,28.067766,2407.375662,24.443182,2,0.7648864,2,0.4138924,0,0.26550615
2025-04-01 18:35:00,0,10.486083,0.0,26.100546,0.0,26.732285,0,0.7209878,0,0.48529822,0,0.19315384
2025-04-01 18:40:00,104,9.12166,494.5,25.894175,995.296273,30.333336,2,0.7609782,2,0.484512,0,0.23694704
2025-04-01 18:45:00,0,13.645359,0.0,38.05729,0.0,42.635418,0,0.79460585,0,0.58509207,0,0.17965735
2025-04-01 18:50:00,72,7.9170265,371.5,19.532997,97.711264,21.683847,2,0.6912718,1,0.4708786,1,0.1958683
2025-04-01 18:55:00,96,9.27103,482.0,26.217358,42.2739,47.203243,1,0.7290081,0,0.5126395,1,0.16273946
2025-04-01 19:00:00,48,10.950279,243.5,29.173874,975.601774,31.05157,1,0.71323943,1,0.5015534,0,0.2784469
2025-04-01 19:05:00,0,12.250663,0.0,34.840008,0.0,34.03633,0,0.8049611,0,0.5489185,0,0.26122904
2025-04-01 19:10:00,0,7.502116,0.0,19.295025,0.0,13.499719,0,0.6502696,0,0.38816485,0,0.29954192
2025-04-01 19:15:00,0,4.2696843,0.0,7.6961374,0.0,6.891693,0,0.44186217,0,0.2934396,0,0.21209256
2025-04-01 19:20:00,0,3.8086758,0.0,7.104067,0.0,6.4991474,0,0.39778957,0,0.25315496,0,0.14517054
2025-04-01 19:25:00,72,2.896374,373.5,5.4924536,591.7048444999999,5.5124493,2,0.349752,2,0.2611673,0,0.09232286
2025-04-01 19:30:00,64,4.767835,306.0,9.962775,138.933504,12.333947,1,0.4703735,1,0.38216722,0,0.13458838
2025-04-01 19:35:00,0,4.2986465,0.0,9.156482,0.0,14.494778,0,0.5074502,0,0.38961077,0,0.15609042
2025-04-01 19:40:00,0,6.433547,0.0,15.918081,0.0,16.910278,0,0.5664444,0,0.40620708,0,0.21336812
2025-04-01 19:45:00,0,4.5793276,0.0,10.019725,0.0,13.739047,0,0.5063579,0,0.3799136,0,0.133865
2025-04-01 19:50:00,0,3.0063715,0.0,5.55772,0.0,7.7554407,0,0.39182386,0,0.30101645,0,0.10007097
2025-04-01 19:55:00,0,2.7443855,0.0,5.156411,0.0,4.857244,0,0.36532944,0,0.30815217,0,0.08864595
2025-04-01 20:00:00,0,4.803946,0.0,11.357703,0.0,14.771134,0,0.5248898,0,0.4781518,0,0.10066425
2025-04-01 20:05:00,0,3.3490028,0.0,5.906251,0.0,5.563786,0,0.4153305,0,0.35994723,0,0.120709166
2025-04-01 20:10:00,0,3.0628295,0.0,5.9597178,0.0,6.2860837,0,0.36835507,0,0.30555856,0,0.08692785
2025-04-01 20:15:00,0,3.132308,0.0,6.0745754,0.0,5.5780253,0,0.38801634,0,0.3294382,0,0.11098311
2025-04-01 20:20:00,72,3.1302552,347.0,6.8092155,6462.581365,5.9275007,2,0.37948468,2,0.29516143,0,0.08098563
2025-04-01 20:25:00,0,4.9825788,0.0,11.186913,0.0,12.367397,0,0.4778766,0,0.38622922,0,0.13051866
2025-04-01 20:30:00,0,5.201945,0.0,11.1532135,0.0,11.723654,0,0.4986076,0,0.3744045,0,0.16178927
2025-04-01 20:35:00,0,3.8507943,0.0,7.313652,0.0,5.894891,0,0.42670408,0,0.32492676,0,0.16771214
2025-04-01 20:40:00,0,3.9168868,0.0,8.073711,0.0,8.771507,0,0.41782138,0,0.30609813,0,0.12980832
2025-04-01 20:45:00,48,2.4144945,196.0,4.723211,6737.009093,4.8574367,1,0.32265478,1,0.3208183,0,0.05481699
2025-04-01 20:50:00,48,3.322916,231.0,7.8500156,30.456979,6.8522553,1,0.44084102,0,0.3912105,1,0.10267218
2025-04-01 20:55:00,0,4.40419,0.0,9.691496,0.0,12.412004,0,0.47153434,0,0.37446126,0,0.12807322
2025-04-01 21:00:00,0,5.5237203,0.0,15.060387,0.0,19.975052,0,0.52936924,0,0.47728574,0,0.15719138
2025-04-01 21:05:00,48,4.240149,230.5,10.124115,1.963918,11.786683,1,0.46749192,0,0.37440506,1,0.13833465
2025-04-01 21:10:00,0,4.668636,0.0,11.991751,0.0,11.2430725,0,0.48304674,0,0.35331315,0,0.19004555
2025-04-01 21:15:00,108,3.8239121,593.0,8.04698,85.34554700000001,6.212027,2,0.37930495,1,0.325232,1,0.12713294
2025-04-01 21:20:00,48,9.004095,205.5,22.615835,6966.441736,19.506447,1,0.6317936,1,0.43980902,0,0.26922297
2025-04-01 21:25:00,48,7.885539,218.0,21.20662,1434.629127,22.901714,1,0.7040068,1,0.45320818,0,0.22335754
2025-04-01 21:30:00,0,7.26237,0.0,16.134317,0.0,19.426699,0,0.5840329,0,0.48831478,0,0.13038786
2025-04-01 21:35:00,0,8.416773,0.0,23.74966,0.0,24.172457,0,0.6594832,0,0.48356193,0,0.14354551
2025-04-01 21:40:00,0,5.168269,0.0,8.481219,0.0,7.605093,0,0.49804685,0,0.29375648,0,0.117694885
2025-04-01 21:45:00,48,4.76035,233.0,9.636847,6448.883226,10.266576,1,0.45363817,1,0.34525576,0,0.088147245
2025-04-01 21:50:00,0,4.1398845,0.0,7.9483757,0.0,8.355403,0,0.44361869,0,0.39293808,0,0.08062511
2025-04-01 21:55:00,112,6.1283183,521.5,13.472023,1249.2291355,10.66303,2,0.48931718,2,0.3697406,0,0.094266154
2025-04-01 22:00:00,0,11.590307,0.0,28.033482,0.0,29.893839,0,0.7176224,0,0.6388751,0,0.116860285
2025-04-01 22:05:00,48,4.5150266,250.5,9.842128,19785.352623,9.478049,1,0.5163404,1,0.38868245,0,0.08634242
2025-04-01 22:10:00,0,7.2678757,0.0,17.278913,0.0,24.761333,0,0.52208114,0,0.4469721,0,0.10652509
2025-04-01 22:15:00,0,6.707261,0.0,16.596031,0.0,22.680996,0,0.5030955,0,0.37450418,0,0.10090504
2025-04-01 22:20:00,0,3.4658127,0.0,6.1819844,0.0,6.4098787,0,0.36685005,0,0.27764994,0,0.08183695
2025-04-01 22:25:00,66,4.6086545,331.5,7.6749945,127.042623,9.936278,2,0.40826488,1,0.3694552,1,0.07072572
2025-04-01 22:30:00,0,8.285049,0.0,18.300467,0.0,14.282027,0,0.5731765,0,0.43464845,0,0.115813136
2025-04-01 22:35:00,0,5.0242753,0.0,9.773221,0.0,7.809121,0,0.4466245,0,0.34386888,0,0.11447778
2025-04-01 22:40:00,0,3.8769488,0.0,6.885486,0.0,7.5587616,0,0.4169027,0,0.3180985,0,0.1159668
2025-04-01 22:45:00,0,4.844704,0.0,10.733731,0.0,9.83691,0,0.4700721,0,0.33724225,0,0.103410244
2025-04-01 22:50:00,64,3.025546,322.0,5.7777786,516.53758,5.698581,1,0.38617262,1,0.31133243,0,0.06862135
2025-04-01 22:55:00,0,5.4186487,0.0,12.166065,0.0,11.371007,0,0.469322,0,0.32256752,0,0.11218778
2025-04-01 23:00:00,0,4.060452,0.0,7.358507,0.0,8.657074,0,0.39096355,0,0.3772547,0,0.073803194
2025-04-01 23:05:00,0,5.1312995,0.0,9.109209,0.0,13.709885,0,0.44888014,0,0.46299306,0,0.084840566
2025-04-01 23:10:00,104,3.5640469,526.0,6.6995196,275.1599735,6.856036,2,0.3648545,2,0.28337342,0,0.05947572
2025-04-01 23:15:00,160,7.539653,732.0,19.119787,279.679168,16.707523,2,0.58593726,1,0.48338068,1,0.08873865
2025-04-01 23:20:00,64,11.463633,326.0,31.773746,3273.664931,23.885668,1,0.8457506,1,0.6146158,0,0.16432539
2025-04-01 23:25:00,48,12.429843,233.5,35.347126,2.231262,33.778736,1,0.7417524,0,0.5622785,1,0.11303415
2025-04-01 23:30:00,168,13.69587,852.0,36.962166,2349.7344093333336,26.459755,3,0.80875814,2,0.55622876,1,0.17614123
2025-04-01 23:35:00,128,24.4669,630.0,70.55234,46.821507,49.86122,2,1.1698322,1,0.7374581,1,0.23625039
2025-04-01 23:40:00,72,23.521515,334.5,69.44436,6512.9768965,49.146965,2,1.0608246,2,0.7061893,0,0.28280553
2025-04-01 23:45:00,64,32.218433,319.0,113.497925,0.1,83.80531,1,1.4585164,0,0.94934034,1,0.29318225
2025-04-01 23:50:00,144,20.96376,725.0,46.217392,331.9832435,38.131783,2,1.0707252,1,0.73785126,1,0.24592812
2025-04-01 23:55:00,104,24.871023,501.0,74.225006,2082.6416676666668,61.751835,3,1.1644974,3,0.75545883,0,0.24769333
