time_slot,actual_active,predicted_active,active_probability,cpu_request_sum_actual,cpu_request_sum_predicted,cpu_request_sum_active_model_raw_prediction,memory_request_sum_actual,memory_request_sum_predicted,memory_request_sum_active_model_raw_prediction,duration_minutes_mean_actual,duration_minutes_mean_predicted,duration_minutes_mean_active_model_raw_prediction,job_count_actual,job_count_predicted,job_count_active_model_raw_prediction,batch_count_actual,batch_count_predicted,batch_count_active_model_raw_prediction,interactive_count_actual,interactive_count_predicted,interactive_count_active_model_raw_prediction
2025-04-01 00:00:00,1,1,0.7891545,96,125.89191436767578,125.891914,486.5,621.990478515625,621.9905,3075.656575,701.9605102539062,701.9605,1,2.0416312217712402,2.0416312,1,1.669888973236084,1.669889,0,0.23021124303340912,0.23021124
2025-04-01 00:05:00,0,1,0.6373766,0,91.54801940917969,91.54802,0.0,486.4996337890625,486.49963,0.0,795.149658203125,795.14966,0,1.7498044967651367,1.7498045,0,1.2783145904541016,1.2783146,0,0.24699844419956207,0.24699844
2025-04-01 00:10:00,0,1,0.5597847,0,81.81721496582031,81.817215,0.0,432.8716125488281,432.8716,0.0,494.8152770996094,494.81528,0,1.4389240741729736,1.4389241,0,1.1870028972625732,1.1870029,0,0.18122559785842896,0.1812256
2025-04-01 00:15:00,1,1,0.45904452,64,80.90656280517578,80.90656,317.5,390.6099548339844,390.60995,1878.489098,424.3128356933594,424.31284,1,1.448702096939087,1.4487021,1,1.1474838256835938,1.1474838,0,0.20590949058532715,0.20590949
2025-04-01 00:20:00,0,1,0.4153719,0,72.60221099853516,72.60221,0.0,345.45123291015625,345.45123,0.0,515.8041381835938,515.80414,0,1.4965476989746094,1.4965477,0,1.1257274150848389,1.1257274,0,0.19515608251094818,0.19515608
2025-04-01 00:25:00,0,1,0.35799402,0,67.42926025390625,67.42926,0.0,329.9549865722656,329.955,0.0,494.6004333496094,494.60043,0,1.4484007358551025,1.4484007,0,1.042870283126831,1.0428703,0,0.1727866679430008,0.17278667
2025-04-01 00:30:00,1,1,0.40569934,48,61.28335952758789,61.28336,245.0,298.96282958984375,298.96283,339.7441,410.05059814453125,410.0506,1,1.4171710014343262,1.417171,1,1.0353655815124512,1.0353656,0,0.1583801656961441,0.15838017
2025-04-01 00:35:00,1,1,0.49935114,64,70.1090087890625,70.10901,321.0,342.3898010253906,342.3898,34247.530932,619.4598999023438,619.4599,1,1.4697275161743164,1.4697275,1,1.1167986392974854,1.1167986,0,0.16797983646392822,0.16797984
2025-04-01 00:40:00,0,1,0.49935794,0,59.70503616333008,59.705036,0.0,327.9742431640625,327.97424,0.0,387.5394592285156,387.53946,0,1.412555456161499,1.4125555,0,1.1161351203918457,1.1161351,0,0.2100076526403427,0.21000765
2025-04-01 00:45:00,0,1,0.5542129,0,58.34522247314453,58.345222,0.0,258.3297119140625,258.3297,0.0,500.2105407714844,500.21054,0,1.382765769958496,1.3827658,0,1.1333613395690918,1.1333613,0,0.1192338615655899,0.11923386
2025-04-01 00:50:00,0,1,0.44356242,0,61.42331314086914,61.423313,0.0,304.12274169921875,304.12274,0.0,573.7919921875,573.792,0,1.4328033924102783,1.4328034,0,1.1838335990905762,1.1838336,0,0.13542026281356812,0.13542026
2025-04-01 00:55:00,0,1,0.35385004,0,61.46160125732422,61.4616,0.0,323.1864013671875,323.1864,0.0,278.70477294921875,278.70477,0,1.416322946548462,1.416323,0,1.1111910343170166,1.111191,0,0.16721688210964203,0.16721688
2025-04-01 01:00:00,1,1,0.3703479,48,63.45703887939453,63.45704,203.0,329.37744140625,329.37744,14.059091,766.3546752929688,766.3547,1,1.5573170185089111,1.557317,0,1.2295668125152588,1.2295668,1,0.15034893155097961,0.15034893
2025-04-01 01:05:00,0,1,0.46102774,0,68.08846282958984,68.08846,0.0,336.2907409667969,336.29074,0.0,673.8796997070312,673.8797,0,1.513915777206421,1.5139158,0,1.2704787254333496,1.2704787,0,0.14018301665782928,0.14018302
2025-04-01 01:10:00,0,1,0.41975865,0,62.179107666015625,62.179108,0.0,275.13165283203125,275.13165,0.0,565.0347290039062,565.0347,0,1.4624574184417725,1.4624574,0,1.2069504261016846,1.2069504,0,0.2489454597234726,0.24894546
2025-04-01 01:15:00,0,1,0.44823775,0,50.32927703857422,50.329277,0.0,246.89381408691406,246.89381,0.0,300.5660705566406,300.56607,0,1.423875093460083,1.4238751,0,1.070068597793579,1.0700686,0,0.2617475688457489,0.26174757
2025-04-01 01:20:00,0,1,0.3997867,0,50.259761810302734,50.25976,0.0,230.0947265625,230.09473,0.0,282.5802917480469,282.5803,0,1.3630974292755127,1.3630974,0,0.9724862575531006,0.97248626,0,0.28788185119628906,0.28788185
2025-04-01 01:25:00,1,0,0.31950632,24,0.0,45.924484,121.0,0.0,235.19456,53.3357135,0.0,223.36,2,0.0,1.3914175,1,0.0,1.0341058,1,0.0,0.21676528
2025-04-01 01:30:00,1,1,0.50872177,88,50.51981735229492,50.519817,433.0,251.227783203125,251.22778,2278.991449,232.68359375,232.6836,3,1.5537135601043701,1.5537136,2,1.0535926818847656,1.0535927,1,0.3327348232269287,0.33273482
2025-04-01 01:35:00,0,1,0.68038124,0,62.062747955322266,62.062748,0.0,316.60272216796875,316.60272,0.0,244.5041961669922,244.5042,0,1.6594231128692627,1.6594231,0,1.102339744567871,1.1023397,0,0.5264701843261719,0.5264702
2025-04-01 01:40:00,1,1,0.64083207,112,75.20545959472656,75.20546,580.0,370.8424987792969,370.8425,391.984351,414.51239013671875,414.5124,2,1.605985164642334,1.6059852,1,1.1191890239715576,1.119189,1,0.27059876918792725,0.27059877
2025-04-01 01:45:00,0,1,0.7652597,0,77.62054443359375,77.620544,0.0,385.23101806640625,385.23102,0.0,383.5346984863281,383.5347,0,1.6570446491241455,1.6570446,0,1.2577424049377441,1.2577424,0,0.2989538013935089,0.2989538
2025-04-01 01:50:00,1,1,0.63715416,408,71.82374572753906,71.823746,1967.0,348.839599609375,348.8396,6066.4385018,340.3289489746094,340.32895,5,1.5605957508087158,1.5605958,4,1.1233301162719727,1.1233301,1,0.3014005422592163,0.30140054
2025-04-01 01:55:00,0,1,0.8149033,0,108.54801940917969,108.54802,0.0,537.381591796875,537.3816,0.0,758.9010620117188,758.90106,0,1.8327820301055908,1.832782,0,1.6572508811950684,1.6572509,0,0.2347719669342041,0.23477197
2025-04-01 02:00:00,0,1,0.6618703,0,87.51469421386719,87.514694,0.0,442.2558898925781,442.2559,0.0,611.0840454101562,611.08405,0,1.6226880550384521,1.622688,0,1.2681679725646973,1.268168,0,0.23627077043056488,0.23627077
2025-04-01 02:05:00,0,1,0.5579717,0,69.6942138671875,69.694214,0.0,332.1922302246094,332.19223,0.0,318.9414367675781,318.94144,0,1.6504309177398682,1.6504309,0,1.2788441181182861,1.2788441,0,0.2699204683303833,0.26992047
2025-04-01 02:10:00,0,1,0.5568718,0,72.57245635986328,72.57246,0.0,366.8568420410156,366.85684,0.0,371.81329345703125,371.8133,0,1.5280122756958008,1.5280123,0,1.1166658401489258,1.1166658,0,0.2848113179206848,0.28481132
2025-04-01 02:15:00,0,0,0.28371865,0,0.0,58.25234,0.0,0.0,299.07587,0.0,0.0,392.1485,0,0.0,1.4735658,0,0.0,1.1691391,0,0.0,0.18383665
2025-04-01 02:20:00,0,0,0.3286047,0,0.0,54.994625,0.0,0.0,269.80252,0.0,0.0,350.6509,0,0.0,1.4124153,0,0.0,0.9891317,0,0.0,0.21177255
2025-04-01 02:25:00,1,0,0.27267295,48,0.0,63.910713,248.0,0.0,315.83356,90.433806,0.0,269.75153,1,0.0,1.4157467,1,0.0,1.0518072,0,0.0,0.15605456
2025-04-01 02:30:00,0,1,0.3735542,0,55.711158752441406,55.71116,0.0,276.1352233886719,276.13522,0.0,412.1847229003906,412.18472,0,1.388667345046997,1.3886673,0,1.0063443183898926,1.0063443,0,0.16587962210178375,0.16587962
2025-04-01 02:35:00,0,1,0.41250387,0,57.00425338745117,57.004253,0.0,285.2029113769531,285.2029,0.0,378.8307800292969,378.83078,0,1.4073703289031982,1.4073703,0,1.003458023071289,1.003458,0,0.1725599467754364,0.17255995
2025-04-01 02:40:00,0,1,0.37666157,0,55.01785659790039,55.017857,0.0,270.90557861328125,270.90558,0.0,358.8037109375,358.8037,0,1.3329031467437744,1.3329031,0,1.023824691772461,1.0238247,0,0.1538030207157135,0.15380302
2025-04-01 02:45:00,1,1,0.3556369,96,61.81431198120117,61.814312,453.5,289.6968078613281,289.6968,134.960092,427.5306701660156,427.53067,1,1.3825130462646484,1.382513,1,1.0472798347473145,1.0472798,0,0.1423216462135315,0.14232165
2025-04-01 02:50:00,0,1,0.43883717,0,68.19915008544922,68.19915,0.0,339.26470947265625,339.2647,0.0,403.8650817871094,403.86508,0,1.4251399040222168,1.4251399,0,1.0939579010009766,1.0939579,0,0.15995508432388306,0.15995508
2025-04-01 02:55:00,1,1,0.4156125,64,65.89862823486328,65.89863,329.5,328.13836669921875,328.13837,59.564319,521.8322143554688,521.8322,1,1.3896057605743408,1.3896058,1,1.0864503383636475,1.0864503,0,0.1468447893857956,0.14684479
2025-04-01 03:00:00,0,1,0.47485474,0,66.38812255859375,66.38812,0.0,343.3483581542969,343.34836,0.0,472.6653137207031,472.6653,0,1.5087840557098389,1.508784,0,1.1846036911010742,1.1846037,0,0.17456230521202087,0.1745623
2025-04-01 03:05:00,0,1,0.47920105,0,63.679298400878906,63.6793,0.0,319.615234375,319.61523,0.0,343.45050048828125,343.4505,0,1.4713644981384277,1.4713645,0,1.1439659595489502,1.143966,0,0.1804330199956894,0.18043302
2025-04-01 03:10:00,0,1,0.3798097,0,57.83197784423828,57.831978,0.0,284.0746154785156,284.07462,0.0,312.0908203125,312.09082,0,1.3797376155853271,1.3797376,0,1.0954654216766357,1.0954654,0,0.1702667474746704,0.17026675
2025-04-01 03:15:00,0,0,0.34445608,0,0.0,61.07703,0.0,0.0,304.9364,0.0,0.0,348.98944,0,0.0,1.4314442,0,0.0,1.0999656,0,0.0,0.17478348
2025-04-01 03:20:00,0,0,0.28000724,0,0.0,61.175438,0.0,0.0,317.09378,0.0,0.0,355.49948,0,0.0,1.4493153,0,0.0,1.1455276,0,0.0,0.14579882
2025-04-01 03:25:00,0,0,0.3018726,0,0.0,61.095974,0.0,0.0,293.33783,0.0,0.0,307.31516,0,0.0,1.4232004,0,0.0,1.103719,0,0.0,0.19692174
2025-04-01 03:30:00,0,0,0.3123538,0,0.0,57.50983,0.0,0.0,271.66748,0.0,0.0,342.9788,0,0.0,1.3920383,0,0.0,1.0130732,0,0.0,0.15173711
2025-04-01 03:35:00,0,0,0.27162877,0,0.0,66.35291,0.0,0.0,334.64557,0.0,0.0,400.76822,0,0.0,1.3528738,0,0.0,1.0578325,0,0.0,0.18186165
2025-04-01 03:40:00,1,0,0.29220566,8,0.0,57.113277,40.0,0.0,292.0047,3.662796,0.0,321.04126,1,0.0,1.3649154,0,0.0,1.0647213,1,0.0,0.1503017
2025-04-01 03:45:00,0,0,0.3329607,0,0.0,61.590073,0.0,0.0,310.33618,0.0,0.0,338.6853,0,0.0,1.3989425,0,0.0,1.1606898,0,0.0,0.14681713
2025-04-01 03:50:00,0,1,0.36332405,0,62.05769729614258,62.057697,0.0,324.1209716796875,324.12097,0.0,368.40826416015625,368.40826,0,1.376739740371704,1.3767397,0,1.0917649269104004,1.0917649,0,0.10341799259185791,0.10341799
2025-04-01 03:55:00,0,1,0.35033655,0,61.35354995727539,61.35355,0.0,309.1852722167969,309.18527,0.0,344.3766174316406,344.37662,0,1.3506054878234863,1.3506055,0,1.0991120338439941,1.099112,0,0.1104317456483841,0.110431746
2025-04-01 04:00:00,1,0,0.34911376,96,0.0,60.60331,485.5,0.0,295.4112,1259.455073,0.0,385.17355,1,0.0,1.3707819,1,0.0,1.1608896,0,0.0,0.11547467
2025-04-01 04:05:00,0,1,0.41132417,0,72.4040756225586,72.404076,0.0,358.26434326171875,358.26434,0.0,371.4735412597656,371.47354,0,1.4293456077575684,1.4293456,0,1.1680526733398438,1.1680527,0,0.1484864503145218,0.14848645
2025-04-01 04:10:00,1,1,0.4159787,64,71.16271209716797,71.16271,300.5,365.4017333984375,365.40173,440.745522,466.8648681640625,466.86487,1,1.3926608562469482,1.3926609,1,1.2244443893432617,1.2244444,0,0.11197426915168762,0.11197427
2025-04-01 04:15:00,0,1,0.43537885,0,64.97540283203125,64.9754,0.0,331.5552673339844,331.55527,0.0,369.3047180175781,369.30472,0,1.3740689754486084,1.374069,0,1.1482479572296143,1.148248,0,0.16260966658592224,0.16260967
2025-04-01 04:20:00,0,1,0.36115336,0,65.36279296875,65.36279,0.0,335.2233581542969,335.22336,0.0,475.5472412109375,475.54724,0,1.270475149154663,1.2704751,0,1.0427546501159668,1.0427547,0,0.1376855969429016,0.1376856
2025-04-01 04:25:00,0,1,0.35608563,0,63.29026794433594,63.290268,0.0,316.5807800292969,316.58078,0.0,401.2796630859375,401.27966,0,1.3556435108184814,1.3556435,0,1.0865700244903564,1.08657,0,0.13787886500358582,0.13787887
2025-04-01 04:30:00,0,0,0.3091341,0,0.0,63.33805,0.0,0.0,314.08258,0.0,0.0,415.21097,0,0.0,1.3302648,0,0.0,1.0809941,0,0.0,0.12526266
2025-04-01 04:35:00,1,0,0.28125608,64,0.0,63.624054,363.5,0.0,319.67838,465.635244,0.0,402.97647,1,0.0,1.3579307,1,0.0,1.0866714,0,0.0,0.13361557
2025-04-01 04:40:00,0,1,0.4183205,0,70.17790985107422,70.17791,0.0,352.4510192871094,352.45102,0.0,424.8134460449219,424.81345,0,1.4348766803741455,1.4348767,0,1.1560544967651367,1.1560545,0,0.15738722681999207,0.15738723
2025-04-01 04:45:00,0,1,0.38386005,0,59.96250915527344,59.96251,0.0,305.70074462890625,305.70074,0.0,399.5241394042969,399.52414,0,1.325338363647461,1.3253384,0,1.0794758796691895,1.0794759,0,0.11504050344228745,0.1150405
2025-04-01 04:50:00,0,0,0.33087024,0,0.0,60.40649,0.0,0.0,295.79376,0.0,0.0,329.65134,0,0.0,1.338161,0,0.0,1.0714307,0,0.0,0.11442218
2025-04-01 04:55:00,0,0,0.32830915,0,0.0,60.976852,0.0,0.0,306.0061,0.0,0.0,425.6449,0,0.0,1.3181906,0,0.0,1.0848682,0,0.0,0.115440264
2025-04-01 05:00:00,0,0,0.3494798,0,0.0,55.13626,0.0,0.0,288.9621,0.0,0.0,418.38837,0,0.0,1.4420514,0,0.0,1.1861887,0,0.0,0.15733056
2025-04-01 05:05:00,0,0,0.2935798,0,0.0,52.430317,0.0,0.0,254.75024,0.0,0.0,296.13687,0,0.0,1.3839195,0,0.0,1.0526235,0,0.0,0.17031309
2025-04-01 05:10:00,0,0,0.31648517,0,0.0,62.31153,0.0,0.0,318.54807,0.0,0.0,398.73215,0,0.0,1.4058902,0,0.0,1.1192935,0,0.0,0.1553804
2025-04-01 05:15:00,0,0,0.27414027,0,0.0,55.79714,0.0,0.0,280.9121,0.0,0.0,366.7718,0,0.0,1.2529941,0,0.0,1.0301626,0,0.0,0.12813647
2025-04-01 05:20:00,0,0,0.3014191,0,0.0,56.283287,0.0,0.0,291.9854,0.0,0.0,363.2483,0,0.0,1.2851524,0,0.0,1.0966637,0,0.0,0.15339741
2025-04-01 05:25:00,0,0,0.2857574,0,0.0,60.897465,0.0,0.0,317.23883,0.0,0.0,381.76276,0,0.0,1.3444891,0,0.0,1.0778198,0,0.0,0.14680322
2025-04-01 05:30:00,0,0,0.28102627,0,0.0,65.108986,0.0,0.0,319.65283,0.0,0.0,426.74185,0,0.0,1.3248742,0,0.0,1.0805326,0,0.0,0.14193955
2025-04-01 05:35:00,0,0,0.31959763,0,0.0,60.34468,0.0,0.0,310.93164,0.0,0.0,359.64417,0,0.0,1.3576593,0,0.0,1.0228822,0,0.0,0.199336
2025-04-01 05:40:00,1,0,0.2445937,48,0.0,61.73185,228.0,0.0,323.0464,5050.029073,0.0,346.67804,1,0.0,1.2723119,1,0.0,1.0235462,0,0.0,0.124700576
2025-04-01 05:45:00,0,1,0.36760914,0,61.225772857666016,61.225773,0.0,313.1641540527344,313.16415,0.0,325.4831237792969,325.48312,0,1.3470103740692139,1.3470104,0,1.1190004348754883,1.1190004,0,0.14496122300624847,0.14496122
2025-04-01 05:50:00,0,0,0.34526795,0,0.0,63.751297,0.0,0.0,322.28766,0.0,0.0,275.91354,0,0.0,1.331027,0,0.0,1.0617285,0,0.0,0.14935187
2025-04-01 05:55:00,0,1,0.37538168,0,69.29805755615234,69.29806,0.0,335.588134765625,335.58813,0.0,350.71429443359375,350.7143,0,1.3631501197814941,1.3631501,0,1.1006996631622314,1.1006997,0,0.19988970458507538,0.1998897
2025-04-01 06:00:00,0,0,0.30223218,0,0.0,63.169785,0.0,0.0,294.09204,0.0,0.0,441.91425,0,0.0,1.4322205,0,0.0,1.1788812,0,0.0,0.13451003
2025-04-01 06:05:00,0,0,0.2258684,0,0.0,59.566975,0.0,0.0,314.6557,0.0,0.0,396.9748,0,0.0,1.4421816,0,0.0,1.1889491,0,0.0,0.12456206
2025-04-01 06:10:00,0,0,0.19493257,0,0.0,61.721592,0.0,0.0,316.60532,0.0,0.0,386.39487,0,0.0,1.3347051,0,0.0,1.0873632,0,0.0,0.12201737
2025-04-01 06:15:00,1,0,0.18491663,112,0.0,62.37094,562.5,0.0,329.3593,696.0905535,0.0,271.2794,2,0.0,1.3593762,2,0.0,1.1086175,0,0.0,0.13029891
2025-04-01 06:20:00,1,1,0.3859796,96,67.26737976074219,67.26738,477.0,345.9098205566406,345.90982,14.273369,288.27752685546875,288.27753,1,1.3772008419036865,1.3772008,0,1.1049127578735352,1.1049128,1,0.1759539395570755,0.17595394
2025-04-01 06:25:00,0,1,0.47352,0,77.91783142089844,77.91783,0.0,401.6947937011719,401.6948,0.0,336.4712219238281,336.47122,0,1.4956750869750977,1.4956751,0,1.1231138706207275,1.1231139,0,0.19375497102737427,0.19375497
2025-04-01 06:30:00,1,1,0.46770933,96,69.87461853027344,69.87462,603.0,378.4435729980469,378.44357,5275.006263,408.87841796875,408.87842,1,1.418445348739624,1.4184453,1,1.141061782836914,1.1410618,0,0.1631046086549759,0.16310461
2025-04-01 06:35:00,0,1,0.46837094,0,85.26559448242188,85.265594,0.0,463.407470703125,463.40747,0.0,475.50634765625,475.50635,0,1.4610097408294678,1.4610097,0,1.2096123695373535,1.2096124,0,0.21323350071907043,0.2132335
2025-04-01 06:40:00,0,1,0.40627536,0,61.84813690185547,61.848137,0.0,330.9537048339844,330.9537,0.0,388.6615905761719,388.6616,0,1.3770577907562256,1.3770578,0,1.043642520904541,1.0436425,0,0.140252485871315,0.14025249
2025-04-01 06:45:00,0,1,0.38749564,0,70.97628021240234,70.97628,0.0,369.1744079589844,369.1744,0.0,378.36669921875,378.3667,0,1.3697218894958496,1.3697219,0,1.148494005203247,1.148494,0,0.12846602499485016,0.12846602
2025-04-01 06:50:00,0,1,0.4096857,0,70.88789367675781,70.88789,0.0,366.039306640625,366.0393,0.0,349.25958251953125,349.25958,0,1.3724844455718994,1.3724844,0,1.1063714027404785,1.1063714,0,0.1507401466369629,0.15074015
2025-04-01 06:55:00,1,0,0.2615236,16,0.0,59.24653,81.0,0.0,306.0105,529.889964,0.0,364.6605,2,0.0,1.3342671,2,0.0,1.0920665,0,0.0,0.11685262
2025-04-01 07:00:00,0,1,0.41872737,0,59.3214111328125,59.32141,0.0,299.7412414550781,299.74124,0.0,455.49298095703125,455.49298,0,1.5403776168823242,1.5403776,0,1.2899982929229736,1.2899983,0,0.16027206182479858,0.16027206
2025-04-01 07:05:00,0,1,0.37143987,0,65.03321838378906,65.03322,0.0,322.5720520019531,322.57205,0.0,327.2667541503906,327.26675,0,1.481302261352539,1.4813023,0,1.1459732055664062,1.1459732,0,0.19965364038944244,0.19965364
2025-04-01 07:10:00,0,1,0.36017746,0,64.76734161376953,64.76734,0.0,338.64886474609375,338.64886,0.0,365.0121765136719,365.01218,0,1.3738737106323242,1.3738737,0,1.0969314575195312,1.0969315,0,0.1549757421016693,0.15497574
2025-04-01 07:15:00,0,0,0.34066212,0,0.0,61.555225,0.0,0.0,321.00378,0.0,0.0,327.48254,0,0.0,1.3720586,0,0.0,1.0632136,0,0.0,0.16454329
2025-04-01 07:20:00,1,0,0.2578654,64,0.0,61.318325,351.0,0.0,328.5349,274.001938,0.0,335.11548,1,0.0,1.3676665,1,0.0,1.0803342,0,0.0,0.1250597
2025-04-01 07:25:00,0,0,0.3190956,0,0.0,61.876167,0.0,0.0,326.42477,0.0,0.0,348.75522,0,0.0,1.3857818,0,0.0,1.0915012,0,0.0,0.15917891
2025-04-01 07:30:00,0,0,0.31866825,0,0.0,59.8623,0.0,0.0,309.72678,0.0,0.0,432.79465,0,0.0,1.369493,0,0.0,1.0851052,0,0.0,0.1699978
2025-04-01 07:35:00,1,1,0.3605076,64,62.938201904296875,62.9382,317.0,326.74969482421875,326.7497,87.726417,344.3940734863281,344.39407,1,1.3660178184509277,1.3660178,1,1.0700359344482422,1.0700359,0,0.15356731414794922,0.15356731
2025-04-01 07:40:00,0,1,0.39755577,0,64.70831298828125,64.70831,0.0,335.76568603515625,335.7657,0.0,359.1734619140625,359.17346,0,1.4116196632385254,1.4116197,0,1.1043128967285156,1.1043129,0,0.1668807864189148,0.16688079
2025-04-01 07:45:00,0,1,0.35338876,0,59.124271392822266,59.12427,0.0,301.7842102050781,301.7842,0.0,394.6880187988281,394.68802,0,1.3542864322662354,1.3542864,0,1.0747442245483398,1.0747442,0,0.14540517330169678,0.14540517
2025-04-01 07:50:00,0,0,0.3108689,0,0.0,54.373203,0.0,0.0,271.366,0.0,0.0,359.3205,0,0.0,1.3075969,0,0.0,1.0740626,0,0.0,0.10801681
2025-04-01 07:55:00,1,0,0.3346195,96,0.0,61.041664,485.0,0.0,298.969,1533.763768,0.0,341.08743,1,0.0,1.3585868,1,0.0,1.0732994,0,0.0,0.13953133
2025-04-01 08:00:00,0,1,0.38103074,0,79.12564086914062,79.12564,0.0,407.3421630859375,407.34216,0.0,509.5754699707031,509.57547,0,1.4750113487243652,1.4750113,0,1.2564747333526611,1.2564747,0,0.12490259110927582,0.12490259
2025-04-01 08:05:00,0,1,0.40630654,0,67.08358001708984,67.08358,0.0,341.94158935546875,341.9416,0.0,438.05902099609375,438.05902,0,1.4580178260803223,1.4580178,0,1.1885278224945068,1.1885278,0,0.12001743912696838,0.12001744
2025-04-01 08:10:00,0,1,0.37254348,0,64.64903259277344,64.64903,0.0,329.9720458984375,329.97205,0.0,453.3175354003906,453.31754,0,1.388686180114746,1.3886862,0,1.1209053993225098,1.1209054,0,0.1428418606519699,0.14284186
2025-04-01 08:15:00,0,1,0.3856758,0,56.119197845458984,56.119198,0.0,291.58990478515625,291.5899,0.0,269.2682189941406,269.26822,0,1.332123041152954,1.332123,0,1.0575590133666992,1.057559,0,0.17537538707256317,0.17537539
2025-04-01 08:20:00,0,0,0.27879745,0,0.0,57.552032,0.0,0.0,288.74884,0.0,0.0,363.37076,0,0.0,1.3452008,0,0.0,1.0114357,0,0.0,0.14477299
2025-04-01 08:25:00,0,0,0.28729025,0,0.0,60.25007,0.0,0.0,314.37555,0.0,0.0,337.23712,0,0.0,1.3497744,0,0.0,1.077353,0,0.0,0.14601137
2025-04-01 08:30:00,0,0,0.227621,0,0.0,56.329357,0.0,0.0,282.0036,0.0,0.0,243.01474,0,0.0,1.2907457,0,0.0,0.9709139,0,0.0,0.14601573
2025-04-01 08:35:00,0,0,0.2596063,0,0.0,61.056313,0.0,0.0,316.74405,0.0,0.0,364.8457,0,0.0,1.3715684,0,0.0,1.0708628,0,0.0,0.14505114
2025-04-01 08:40:00,1,0,0.2783923,48,0.0,66.07456,242.0,0.0,332.97327,131.318121,0.0,412.97003,1,0.0,1.4078634,1,0.0,1.0872357,0,0.0,0.13043642
2025-04-01 08:45:00,1,1,0.37863395,64,62.60410690307617,62.604107,321.0,331.605224609375,331.60522,125.612214,407.3976745605469,407.39767,1,1.441999912261963,1.4419999,1,1.1204135417938232,1.1204135,0,0.129386767745018,0.12938677
2025-04-01 08:50:00,0,1,0.39739424,0,65.12200927734375,65.12201,0.0,335.4002380371094,335.40024,0.0,406.4830322265625,406.48303,0,1.373426914215088,1.3734269,0,0.9658620357513428,0.96586204,0,0.14152073860168457,0.14152074
2025-04-01 08:55:00,0,1,0.4410982,0,70.162841796875,70.16284,0.0,355.0158386230469,355.01584,0.0,441.8483581542969,441.84836,0,1.4083585739135742,1.4083586,0,1.028723955154419,1.028724,0,0.18178178369998932,0.18178178
2025-04-01 09:00:00,0,1,0.36544427,0,56.477413177490234,56.477413,0.0,298.9747009277344,298.9747,0.0,215.14878845214844,215.14879,0,1.4269673824310303,1.4269674,0,0.9049103260040283,0.9049103,0,0.24112042784690857,0.24112043
2025-04-01 09:05:00,0,1,0.36529326,0,66.71819305419922,66.71819,0.0,348.82427978515625,348.82428,0.0,454.7602233886719,454.76022,0,1.46903395652771,1.469034,0,1.0986506938934326,1.0986507,0,0.21716566383838654,0.21716566
2025-04-01 09:10:00,1,0,0.24829538,96,0.0,57.542038,479.0,0.0,289.50363,16.30324,0.0,417.8408,1,0.0,1.2940226,0,0.0,0.94384205,1,0.0,0.16199398
2025-04-01 09:15:00,0,1,0.36098754,0,61.34463119506836,61.34463,0.0,330.3126220703125,330.31262,0.0,331.761962890625,331.76196,0,1.3649804592132568,1.3649805,0,0.9890536069869995,0.9890536,0,0.2457198202610016,0.24571982
2025-04-01 09:20:00,0,1,0.41043657,0,55.29892349243164,55.298923,0.0,267.332275390625,267.33228,0.0,313.92095947265625,313.92096,0,1.326648473739624,1.3266485,0,0.9580199718475342,0.95802,0,0.23041927814483643,0.23041928
2025-04-01 09:25:00,0,0,0.31428847,0,0.0,55.308964,0.0,0.0,293.69046,0.0,0.0,365.14624,0,0.0,1.2798393,0,0.0,0.8858639,0,0.0,0.23887563
2025-04-01 09:30:00,0,0,0.32214558,0,0.0,60.303833,0.0,0.0,321.54333,0.0,0.0,360.60605,0,0.0,1.3386583,0,0.0,0.9245485,0,0.0,0.2739886
2025-04-01 09:35:00,0,0,0.21294235,0,0.0,58.411674,0.0,0.0,283.6883,0.0,0.0,318.0692,0,0.0,1.2982271,0,0.0,0.88057995,0,0.0,0.24899031
2025-04-01 09:40:00,0,0,0.22600439,0,0.0,65.56102,0.0,0.0,321.5407,0.0,0.0,418.72247,0,0.0,1.3815095,0,0.0,0.98272526,0,0.0,0.24490578
2025-04-01 09:45:00,0,0,0.28613943,0,0.0,66.570175,0.0,0.0,347.66687,0.0,0.0,498.62326,0,0.0,1.4339099,0,0.0,0.9741938,0,0.0,0.2905141
2025-04-01 09:50:00,0,0,0.2403386,0,0.0,58.558178,0.0,0.0,293.2988,0.0,0.0,267.7114,0,0.0,1.3322043,0,0.0,0.9701437,0,0.0,0.24385016
2025-04-01 09:55:00,0,0,0.2849511,0,0.0,61.77383,0.0,0.0,317.8508,0.0,0.0,407.60004,0,0.0,1.3579736,0,0.0,1.006526,0,0.0,0.2523564
2025-04-01 10:00:00,0,0,0.3167108,0,0.0,67.8307,0.0,0.0,342.59912,0.0,0.0,315.657,0,0.0,1.5401816,0,0.0,1.0718019,0,0.0,0.23065132
2025-04-01 10:05:00,0,0,0.28675413,0,0.0,72.42869,0.0,0.0,374.8072,0.0,0.0,313.57953,0,0.0,1.505378,0,0.0,0.9861504,0,0.0,0.22060649
2025-04-01 10:10:00,0,0,0.2814273,0,0.0,62.350758,0.0,0.0,318.6398,0.0,0.0,298.72794,0,0.0,1.3869066,0,0.0,0.9805721,0,0.0,0.2712789
2025-04-01 10:15:00,0,0,0.27344394,0,0.0,63.14834,0.0,0.0,319.79248,0.0,0.0,304.09247,0,0.0,1.436434,0,0.0,0.9621949,0,0.0,0.26156035
2025-04-01 10:20:00,0,0,0.2757593,0,0.0,62.885784,0.0,0.0,323.42673,0.0,0.0,336.638,0,0.0,1.423738,0,0.0,0.8822845,0,0.0,0.27142525
2025-04-01 10:25:00,0,0,0.27612332,0,0.0,61.085228,0.0,0.0,342.7707,0.0,0.0,351.0269,0,0.0,1.5018628,0,0.0,0.93341434,0,0.0,0.26505983
2025-04-01 10:30:00,0,0,0.3221177,0,0.0,61.283184,0.0,0.0,325.0531,0.0,0.0,217.08,0,0.0,1.533845,0,0.0,0.9185151,0,0.0,0.37060127
2025-04-01 10:35:00,0,1,0.37401733,0,61.51833724975586,61.518337,0.0,328.1821594238281,328.18216,0.0,163.47520446777344,163.4752,0,1.4961366653442383,1.4961367,0,0.8392126560211182,0.83921266,0,0.4233528971672058,0.4233529
2025-04-01 10:40:00,1,1,0.37559965,104,63.36820983886719,63.36821,528.5,323.58624267578125,323.58624,109.1478905,126.18164825439453,126.18165,2,1.5325031280517578,1.5325031,1,0.7155091762542725,0.7155092,1,0.4773383140563965,0.4773383
2025-04-01 10:45:00,1,1,0.49965155,96,69.60224914550781,69.60225,484.5,359.8135986328125,359.8136,138.729449,155.98204040527344,155.98204,1,1.8890886306762695,1.8890886,1,0.9866781234741211,0.9866781,0,0.37127581238746643,0.3712758
2025-04-01 10:50:00,0,1,0.5556497,0,72.19454193115234,72.19454,0.0,397.7541809082031,397.75418,0.0,251.81129455566406,251.8113,0,2.6227424144744873,2.6227424,0,1.1568148136138916,1.1568148,0,0.6914618015289307,0.6914618
2025-04-01 10:55:00,1,1,0.5448603,96,71.08537292480469,71.08537,473.0,370.4333190917969,370.43332,162.6422695,159.37344360351562,159.37344,2,1.645031213760376,1.6450312,2,0.6429761648178101,0.64297616,0,0.5373563766479492,0.5373564
2025-04-01 11:00:00,1,1,0.6143234,128,73.84542083740234,73.84542,636.0,401.15960693359375,401.1596,58.556029,259.8734436035156,259.87344,2,1.8682777881622314,1.8682778,1,1.2118604183197021,1.2118604,1,0.39886292815208435,0.39886293
2025-04-01 11:05:00,1,1,0.62993747,544,84.81515502929688,84.815155,2722.0,395.36407470703125,395.36407,515.2274204444444,209.322265625,209.32227,9,2.1198208332061768,2.1198208,8,1.0337204933166504,1.0337205,1,0.5683354139328003,0.5683354
2025-04-01 11:10:00,1,1,0.88039494,360,150.92340087890625,150.9234,1801.5,748.5399780273438,748.54,193.570546625,300.30474853515625,300.30475,8,3.6345462799072266,3.6345463,3,2.1612114906311035,2.1612115,5,1.1194357872009277,1.1194358
2025-04-01 11:15:00,1,1,0.9325314,680,317.80914306640625,317.80914,3379.0,1489.063232421875,1489.0632,1712.0825833,395.7774658203125,395.77747,10,6.247425079345703,6.247425,8,2.7096288204193115,2.7096288,2,2.0897881984710693,2.0897882
2025-04-01 11:20:00,1,1,0.9442385,824,337.9394226074219,337.93942,4123.5,1816.712158203125,1816.7122,166.59564316666666,439.6423034667969,439.6423,12,8.110966682434082,8.110967,4,4.759378433227539,4.7593784,8,2.279103994369507,2.279104
2025-04-01 11:25:00,1,1,0.9682165,716,653.1588745117188,653.1589,3642.0,2895.56005859375,2895.56,213.0688813333333,387.7021484375,387.70215,12,12.646078109741211,12.646078,6,5.990794658660889,5.9907947,6,6.968628406524658,6.9686284
2025-04-01 11:30:00,1,1,0.9668128,328,494.3991394042969,494.39914,1700.0,1911.0233154296875,1911.0233,337.7351608,502.53271484375,502.5327,5,10.160768508911133,10.1607685,3,5.346060752868652,5.3460608,2,3.5296854972839355,3.5296855
2025-04-01 11:35:00,1,1,0.9584335,384,337.7344055175781,337.7344,1950.0,1721.5054931640625,1721.5055,255.0308796,597.4953002929688,597.4953,5,5.062410354614258,5.0624104,3,3.3079872131347656,3.3079872,2,2.5031166076660156,2.5031166
2025-04-01 11:40:00,1,1,0.9723449,244,292.94439697265625,292.9444,1251.5,1574.3258056640625,1574.3258,338.287876,418.4009704589844,418.40097,5,6.224107265472412,6.2241073,3,3.9905505180358887,3.9905505,2,2.4182779788970947,2.418278
2025-04-01 11:45:00,1,1,0.93775755,696,271.3200378417969,271.32004,3455.0,1469.518310546875,1469.5183,793.5465709166666,476.8456115722656,476.8456,12,5.839972496032715,5.8399725,9,3.834367275238037,3.8343673,3,1.6288201808929443,1.6288202
2025-04-01 11:50:00,1,1,0.9696693,632,465.79168701171875,465.7917,3183.0,2239.31689453125,2239.317,2868.7155622727278,572.0325927734375,572.0326,11,9.947589874267578,9.94759,11,9.159640312194824,9.15964,0,1.7951693534851074,1.7951694
2025-04-01 11:55:00,1,1,0.9317543,584,529.0875854492188,529.0876,2946.5,2458.794677734375,2458.7947,312.54810385714285,986.070556640625,986.07056,7,11.76842212677002,11.768422,4,10.394627571105957,10.394628,3,2.083500862121582,2.0835009
2025-04-01 12:00:00,0,1,0.86172265,0,357.8058776855469,357.80588,0.0,1569.5556640625,1569.5557,0.0,860.5111083984375,860.5111,0,8.064139366149902,8.064139,0,6.022924900054932,6.022925,0,1.8643357753753662,1.8643358
2025-04-01 12:05:00,0,1,0.6784843,0,136.48513793945312,136.48514,0.0,596.4095458984375,596.40955,0.0,206.8399200439453,206.83992,0,2.376572370529175,2.3765724,0,2.0979626178741455,2.0979626,0,0.7984186410903931,0.79841864
2025-04-01 12:10:00,0,1,0.63014334,0,78.09203338623047,78.09203,0.0,349.00262451171875,349.00262,0.0,298.64447021484375,298.64447,0,1.566725254058838,1.5667253,0,0.9165064096450806,0.9165064,0,0.503197193145752,0.5031972
2025-04-01 12:15:00,0,1,0.5216908,0,84.09075927734375,84.09076,0.0,422.38287353515625,422.38287,0.0,227.74681091308594,227.74681,0,1.788616418838501,1.7886164,0,0.9293267726898193,0.9293268,0,0.593966007232666,0.593966
2025-04-01 12:20:00,1,0,0.29681018,48,0.0,52.95518,192.0,0.0,237.06056,748.523308,0.0,216.08492,1,0.0,1.5283239,1,0.0,0.963174,0,0.0,0.3597971
2025-04-01 12:25:00,1,0,0.3448704,48,0.0,57.67828,248.0,0.0,275.56992,726.091761,0.0,282.41684,1,0.0,1.6527009,1,0.0,1.1369946,0,0.0,0.3960668
2025-04-01 12:30:00,0,1,0.38262317,0,69.42914581298828,69.429146,0.0,317.7986755371094,317.79868,0.0,256.0685119628906,256.0685,0,1.6678242683410645,1.6678243,0,0.9800620079040527,0.980062,0,0.5945771932601929,0.5945772
2025-04-01 12:35:00,1,1,0.38521892,12,71.68681335449219,71.68681,120.5,308.57855224609375,308.57855,38.783304,171.59718322753906,171.59718,1,1.6759812831878662,1.6759813,0,0.927666187286377,0.9276662,1,0.5980474948883057,0.5980475
2025-04-01 12:40:00,1,1,0.4421323,96,69.63841247558594,69.63841,476.5,300.85552978515625,300.85553,246.962489,223.50692749023438,223.50693,1,1.7693004608154297,1.7693005,1,1.0873663425445557,1.0873663,0,0.42039161920547485,0.42039162
2025-04-01 12:45:00,1,1,0.40748197,64,71.8802261352539,71.880226,310.0,321.1856384277344,321.18564,2.215223,238.66162109375,238.66162,1,1.761080265045166,1.7610803,0,1.060236930847168,1.0602369,1,0.5651819705963135,0.565182
2025-04-01 12:50:00,0,1,0.4038547,0,68.42015075683594,68.42015,0.0,309.99420166015625,309.9942,0.0,256.93194580078125,256.93195,0,1.6865804195404053,1.6865804,0,1.0641660690307617,1.0641661,0,0.572819709777832,0.5728197
2025-04-01 12:55:00,1,1,0.44659308,64,67.60797882080078,67.60798,337.5,311.6893310546875,311.68933,2.127421,337.4218444824219,337.42184,1,1.6709225177764893,1.6709225,0,1.0441322326660156,1.0441322,1,0.6032278537750244,0.60322785
2025-04-01 13:00:00,1,1,0.44399354,208,78.47663116455078,78.47663,1081.5,340.55133056640625,340.55133,1082.0085643333332,247.61520385742188,247.6152,3,1.8081951141357422,1.8081951,3,1.1422765254974365,1.1422765,0,0.505617618560791,0.5056176
2025-04-01 13:05:00,1,1,0.6582219,256,95.59841918945312,95.59842,1288.5,427.9201354980469,427.92014,2124.773892,338.7643737792969,338.76437,2,2.1592719554901123,2.159272,2,1.2998642921447754,1.2998643,0,0.5842653512954712,0.58426535
2025-04-01 13:10:00,1,1,0.70412683,48,125.59637451171875,125.596375,237.5,567.9751586914062,567.97516,116.846445,284.9939270019531,284.99393,1,2.152399778366089,2.1523998,1,1.3980638980865479,1.3980639,0,0.5915299654006958,0.59152997
2025-04-01 13:15:00,1,1,0.6718875,96,96.36333465576172,96.363335,491.5,438.5397644042969,438.53976,11.592307,276.10943603515625,276.10944,1,1.9537618160247803,1.9537618,0,1.3092930316925049,1.309293,1,0.5189765691757202,0.51897657
2025-04-01 13:20:00,1,1,0.6742574,144,97.42312622070312,97.42313,683.5,481.8887023925781,481.8887,10.3280585,264.89178466796875,264.89178,2,1.9668939113616943,1.9668939,0,1.2212157249450684,1.2212157,2,0.503747820854187,0.5037478
2025-04-01 13:25:00,0,1,0.69428957,0,99.06687927246094,99.06688,0.0,464.3377990722656,464.3378,0.0,199.73751831054688,199.73752,0,1.9137539863586426,1.913754,0,1.0468931198120117,1.0468931,0,0.5952633619308472,0.59526336
2025-04-01 13:30:00,1,1,0.47227708,8,77.11491394042969,77.114914,31.0,373.33026123046875,373.33026,17.11103,143.106689453125,143.10669,1,1.6232936382293701,1.6232936,0,0.7646311521530151,0.76463115,1,0.6135129928588867,0.613513
2025-04-01 13:35:00,1,1,0.49619552,64,75.3505859375,75.350586,311.5,372.78143310546875,372.78143,2.26501,187.28521728515625,187.28522,1,1.7222256660461426,1.7222257,0,0.972880482673645,0.9728805,1,0.6158237457275391,0.61582375
2025-04-01 13:40:00,0,1,0.5113999,0,80.20474243164062,80.20474,0.0,375.5262756347656,375.52628,0.0,160.08360290527344,160.0836,0,1.6662964820861816,1.6662965,0,0.9574815034866333,0.9574815,0,0.5983390808105469,0.5983391
2025-04-01 13:45:00,0,1,0.41701037,0,69.93301391601562,69.933014,0.0,350.0665283203125,350.06653,0.0,205.4751739501953,205.47517,0,1.6445186138153076,1.6445186,0,1.0309364795684814,1.0309365,0,0.5300818681716919,0.53008187
2025-04-01 13:50:00,1,1,0.36385655,96,73.01335144042969,73.01335,481.5,330.3489685058594,330.34897,123.719603,229.30258178710938,229.30258,1,1.607844591140747,1.6078446,1,1.026611566543579,1.0266116,0,0.4470099210739136,0.44700992
2025-04-01 13:55:00,1,1,0.4360538,64,83.46002197265625,83.46002,323.0,412.6564636230469,412.65646,358.79116,285.07086181640625,285.07086,1,1.6994633674621582,1.6994634,1,1.1527576446533203,1.1527576,0,0.38586974143981934,0.38586974
2025-04-01 14:00:00,0,1,0.4167034,0,77.04540252685547,77.0454,0.0,399.2379455566406,399.23795,0.0,294.9109802246094,294.91098,0,1.7918589115142822,1.7918589,0,1.136256456375122,1.1362565,0,0.3999902606010437,0.39999026
2025-04-01 14:05:00,0,1,0.3996359,0,64.3746337890625,64.37463,0.0,314.8259582519531,314.82596,0.0,233.42420959472656,233.42421,0,1.7597100734710693,1.7597101,0,1.0703222751617432,1.0703223,0,0.4185536801815033,0.41855368
2025-04-01 14:10:00,0,0,0.34041077,0,0.0,51.498554,0.0,0.0,272.4556,0.0,0.0,287.4416,0,0.0,1.6268277,0,0.0,1.0006044,0,0.0,0.39781514
2025-04-01 14:15:00,0,0,0.2943823,0,0.0,49.166588,0.0,0.0,255.56226,0.0,0.0,278.4463,0,0.0,1.5643995,0,0.0,0.9571792,0,0.0,0.36266935
2025-04-01 14:20:00,0,0,0.2696678,0,0.0,50.76749,0.0,0.0,261.8443,0.0,0.0,315.40146,0,0.0,1.5805917,0,0.0,1.0171885,0,0.0,0.3423271
2025-04-01 14:25:00,1,0,0.25426397,72,0.0,50.65597,352.0,0.0,245.2279,7321.814217499999,0.0,289.0011,2,0.0,1.630506,1,0.0,0.92519546,1,0.0,0.46657878
2025-04-01 14:30:00,1,1,0.45509,136,68.45746612548828,68.457466,680.0,352.0804443359375,352.08044,11.539038666666665,189.55264282226562,189.55264,3,1.7791454792022705,1.7791455,0,0.9173592329025269,0.91735923,3,0.6544356346130371,0.65443563
2025-04-01 14:35:00,1,1,0.67580587,16,69.32806396484375,69.328064,82.0,353.3325500488281,353.33255,1.182545,115.51204681396484,115.51205,1,1.9590320587158203,1.959032,0,0.8393919467926025,0.83939195,1,1.3428106307983398,1.3428106
2025-04-01 14:40:00,0,1,0.66405475,0,70.38017272949219,70.38017,0.0,350.303466796875,350.30347,0.0,130.21495056152344,130.21495,0,1.8884220123291016,1.888422,0,0.7654819488525391,0.76548195,0,1.1629157066345215,1.1629157
2025-04-01 14:45:00,1,1,0.63886124,72,72.52655029296875,72.52655,544.5,341.88909912109375,341.8891,12.197796,77.8839340209961,77.883934,2,1.8425683975219727,1.8425684,0,0.7465242147445679,0.7465242,2,1.1967825889587402,1.1967826
2025-04-01 14:50:00,1,1,0.7162057,272,82.10243225097656,82.10243,1411.0,429.7124328613281,429.71243,10.470416333333333,125.2820816040039,125.28208,6,1.930161714553833,1.9301617,0,0.8405845165252686,0.8405845,6,1.152085542678833,1.1520855
2025-04-01 14:55:00,1,1,0.89385676,144,159.1243438720703,159.12434,728.0,888.0139770507812,888.014,188.45169833333333,159.49623107910156,159.49623,3,3.730727195739746,3.7307272,1,1.133073091506958,1.1330731,2,2.071077585220337,2.0710776
2025-04-01 15:00:00,1,1,0.8050041,192,107.53009033203125,107.53009,959.5,511.3262939453125,511.3263,52.964797,142.0374755859375,142.03748,3,2.7399253845214844,2.7399254,1,1.023442029953003,1.023442,2,1.189408779144287,1.1894088
2025-04-01 15:05:00,1,1,0.8889314,64,127.46978759765625,127.46979,320.5,581.4652709960938,581.4653,2.029367,155.6645965576172,155.6646,1,2.96966814994812,2.9696681,0,1.42159104347229,1.421591,1,1.2014427185058594,1.2014427
2025-04-01 15:10:00,0,1,0.7945404,0,94.63896179199219,94.63896,0.0,447.5582580566406,447.55826,0.0,226.2241973876953,226.2242,0,2.607167959213257,2.607168,0,1.0165622234344482,1.0165622,0,1.0604019165039062,1.0604019
2025-04-01 15:15:00,1,1,0.61698955,64,57.193607330322266,57.193607,314.0,284.5905456542969,284.59055,574.836304,156.25938415527344,156.25938,1,1.715451717376709,1.7154517,1,0.8837834596633911,0.88378346,0,0.7073640823364258,0.7073641
2025-04-01 15:20:00,1,1,0.49880332,128,55.13684844970703,55.13685,673.5,272.9592590332031,272.95926,1309.9102555,208.39523315429688,208.39523,2,1.7377071380615234,1.7377071,1,1.0213985443115234,1.0213985,1,0.5350337028503418,0.5350337
2025-04-01 15:25:00,1,1,0.5832419,64,66.63226318359375,66.63226,320.0,365.9229431152344,365.92294,16.217415,236.5006866455078,236.50069,1,1.789191722869873,1.7891917,0,1.0596940517425537,1.059694,1,0.48703572154045105,0.48703572
2025-04-01 15:30:00,0,1,0.525155,0,82.90083312988281,82.90083,0.0,447.4290771484375,447.42908,0.0,349.1189880371094,349.119,0,1.8103394508361816,1.8103395,0,1.1411736011505127,1.1411736,0,0.4845995008945465,0.4845995
2025-04-01 15:35:00,1,1,0.42418784,96,57.47187042236328,57.47187,496.5,294.304443359375,294.30444,67.946885,133.6007843017578,133.60078,1,1.6021549701690674,1.602155,1,0.7311198711395264,0.7311199,0,0.5554924011230469,0.5554924
2025-04-01 15:40:00,1,1,0.5306307,64,64.24284362792969,64.24284,333.5,352.9488830566406,352.94888,223.222337,167.6267852783203,167.62679,1,1.7313165664672852,1.7313166,1,0.9149342775344849,0.9149343,0,0.4917730689048767,0.49177307
2025-04-01 15:45:00,0,1,0.5030289,0,63.91706085205078,63.91706,0.0,328.2427673339844,328.24277,0.0,296.9478454589844,296.94785,0,1.7236485481262207,1.7236485,0,1.2113866806030273,1.2113867,0,0.31806233525276184,0.31806234
2025-04-01 15:50:00,1,1,0.4341818,8,54.09638977050781,54.09639,41.0,265.6984558105469,265.69846,114.15591,310.5240478515625,310.52405,1,1.594102382659912,1.5941024,1,1.0472636222839355,1.0472636,0,0.3692227303981781,0.36922273
2025-04-01 15:55:00,1,1,0.46050698,64,61.077117919921875,61.077118,321.0,290.9999084472656,290.9999,648.530187,425.41082763671875,425.41083,1,1.616410732269287,1.6164107,1,1.1196088790893555,1.1196089,0,0.2672139108181,0.2672139
2025-04-01 16:00:00,1,1,0.4727257,472,71.19090270996094,71.1909,2285.5,378.1167907714844,378.1168,4022.8643065714286,385.8045654296875,385.80457,7,1.7650187015533447,1.7650187,6,1.185356855392456,1.1853569,1,0.3421742022037506,0.3421742
2025-04-01 16:05:00,1,1,0.8538745,320,133.1102294921875,133.11023,1674.0,684.12548828125,684.1255,277.7379375,625.2948608398438,625.29486,4,3.0040640830993652,3.004064,3,2.2554306983947754,2.2554307,1,0.5889301300048828,0.58893013
2025-04-01 16:10:00,1,1,0.87314457,184,136.7019805908203,136.70198,901.5,680.1234741210938,680.1235,2189.8199995,686.37158203125,686.3716,4,2.8587474822998047,2.8587475,4,2.266296625137329,2.2662966,0,0.7499896287918091,0.7499896
2025-04-01 16:15:00,1,1,0.8270336,208,135.84677124023438,135.84677,1054.0,691.766357421875,691.76636,276.76973639999994,740.3383178710938,740.3383,5,2.7822265625,2.7822266,3,2.5033769607543945,2.503377,2,0.49710485339164734,0.49710485
2025-04-01 16:20:00,1,1,0.87642324,184,176.49496459960938,176.49496,932.5,980.4456787109375,980.4457,2918.69306325,914.7249145507812,914.7249,4,3.8786325454711914,3.8786325,4,3.091583251953125,3.0915833,0,0.5985959768295288,0.598596
2025-04-01 16:25:00,1,1,0.81461847,192,123.7073974609375,123.7074,1103.0,604.364013671875,604.364,5037.7424325,534.2091674804688,534.20917,2,2.5594630241394043,2.559463,2,2.2665910720825195,2.266591,0,0.4550257623195648,0.45502576
2025-04-01 16:30:00,1,1,0.8115673,256,125.77923583984375,125.779236,1292.5,692.019775390625,692.0198,54.57466433333334,808.0196533203125,808.01965,3,2.6791939735412598,2.679194,1,1.9194765090942383,1.9194765,2,0.5335038900375366,0.5335039
2025-04-01 16:35:00,1,1,0.79410046,128,111.91679382324219,111.916794,658.5,568.8206176757812,568.8206,116.76177,401.3397216796875,401.33972,2,2.4890899658203125,2.48909,2,1.6211016178131104,1.6211016,0,0.4536059498786926,0.45360595
2025-04-01 16:40:00,1,1,0.8090332,240,91.01737213134766,91.01737,1196.0,491.2874755859375,491.28748,4340.754409333334,367.3672790527344,367.36728,3,2.297802209854126,2.2978022,3,1.6710858345031738,1.6710858,0,0.45051777362823486,0.45051777
2025-04-01 16:45:00,1,1,0.7949504,352,95.48062133789062,95.48062,1789.5,517.7024536132812,517.70245,652.442721,597.2048950195312,597.2049,6,2.2920899391174316,2.29209,6,2.014702320098877,2.0147023,0,0.31206390261650085,0.3120639
2025-04-01 16:50:00,1,1,0.87856674,320,145.1660919189453,145.16609,1590.5,810.409912109375,810.4099,2310.3183184,741.2505493164062,741.25055,5,3.1725869178771973,3.172587,3,2.6737616062164307,2.6737616,2,0.5468785762786865,0.5468786
2025-04-01 16:55:00,1,1,0.884441,404,158.47398376464844,158.47398,2058.5,817.0804443359375,817.08044,1397.592639375,1009.8922729492188,1009.8923,8,3.611935615539551,3.6119356,8,3.2271413803100586,3.2271414,0,0.41057348251342773,0.41057348
2025-04-01 17:00:00,1,1,0.8676644,8,165.0672607421875,165.06726,42.0,919.1066284179688,919.1066,51.448264,1195.2996826171875,1195.2997,1,4.286015033721924,4.286015,0,3.9266834259033203,3.9266834,1,0.8740229606628418,0.87402296
2025-04-01 17:05:00,1,1,0.768775,96,121.75180053710938,121.7518,460.0,664.0030517578125,664.00305,1.885772,502.5836181640625,502.58362,1,2.374218463897705,2.3742185,0,1.421912670135498,1.4219127,1,0.8874552249908447,0.8874552
2025-04-01 17:10:00,0,1,0.7939118,0,86.43350982666016,86.43351,0.0,470.87921142578125,470.8792,0.0,283.9282531738281,283.92825,0,2.2000346183776855,2.2000346,0,1.3137059211730957,1.3137059,0,1.004284143447876,1.0042841
2025-04-01 17:15:00,0,1,0.62126595,0,63.615394592285156,63.615395,0.0,354.2596740722656,354.25967,0.0,240.6485595703125,240.64856,0,1.63124680519104,1.6312468,0,0.8279130458831787,0.82791305,0,0.5205312967300415,0.5205313
2025-04-01 17:20:00,0,1,0.45314336,0,46.52305221557617,46.523052,0.0,214.69998168945312,214.69998,0.0,80.27458190917969,80.27458,0,1.4137263298034668,1.4137263,0,0.7178124189376831,0.7178124,0,0.6115391254425049,0.6115391
2025-04-01 17:25:00,0,1,0.40509686,0,54.13347244262695,54.133472,0.0,290.87506103515625,290.87506,0.0,155.76271057128906,155.76271,0,1.465367317199707,1.4653673,0,0.8430100679397583,0.84301007,0,0.42368143796920776,0.42368144
2025-04-01 17:30:00,1,1,0.40763372,96,55.458961486816406,55.45896,479.0,285.49322509765625,285.49323,1.912669,171.3836669921875,171.38367,1,1.5285911560058594,1.5285912,0,0.8720848560333252,0.87208486,1,0.539885401725769,0.5398854
2025-04-01 17:35:00,1,1,0.45867836,96,56.99504470825195,56.995045,475.0,291.3507385253906,291.35074,2.039,164.6627197265625,164.66272,1,1.4623761177062988,1.4623761,0,0.7738945484161377,0.77389455,1,0.5479799509048462,0.54797995
2025-04-01 17:40:00,0,1,0.4840218,0,59.50990295410156,59.509903,0.0,327.2489318847656,327.24893,0.0,178.0428924560547,178.0429,0,1.5679194927215576,1.5679195,0,0.8397828340530396,0.83978283,0,0.6270372867584229,0.6270373
2025-04-01 17:45:00,1,1,0.44748124,96,44.675716400146484,44.675716,498.5,228.32476806640625,228.32477,135.510708,113.28378295898438,113.28378,1,1.379955768585205,1.3799558,1,0.8327604532241821,0.83276045,0,0.34450212121009827,0.34450212
2025-04-01 17:50:00,1,1,0.5614596,8,72.22529602050781,72.225296,39.0,354.4018249511719,354.40182,1458.644307,202.75035095214844,202.75035,1,1.5219345092773438,1.5219345,1,0.9440631866455078,0.9440632,0,0.35902175307273865,0.35902175
2025-04-01 17:55:00,0,1,0.5173059,0,62.2938117980957,62.29381,0.0,366.89947509765625,366.89948,0.0,274.4939270019531,274.49393,0,1.7319049835205078,1.731905,0,1.2308290004730225,1.230829,0,0.2632681429386139,0.26326814
2025-04-01 18:00:00,1,1,0.6182352,192,80.23835754394531,80.23836,952.5,435.35491943359375,435.35492,3673.966754,240.70721435546875,240.70721,1,2.250196933746338,2.250197,1,1.900742769241333,1.9007428,0,0.42189228534698486,0.4218923
2025-04-01 18:05:00,1,1,0.55734855,12,98.57476043701172,98.57476,118.5,499.7356262207031,499.73563,254.754368,469.75775146484375,469.75775,1,2.428957939147949,2.428958,1,1.8076777458190918,1.8076777,0,0.28899767994880676,0.28899768
2025-04-01 18:10:00,1,1,0.6272885,120,76.0061264038086,76.00613,574.5,405.304931640625,405.30493,256.640231,429.4562072753906,429.4562,3,1.676088571548462,1.6760886,1,1.0468661785125732,1.0468662,2,0.5401169061660767,0.5401169
2025-04-01 18:15:00,0,1,0.67031544,0,71.41389465332031,71.413895,0.0,394.95263671875,394.95264,0.0,292.361328125,292.36133,0,1.7514793872833252,1.7514794,0,1.1282968521118164,1.1282969,0,0.48006168007850647,0.48006168
2025-04-01 18:20:00,1,1,0.5123124,64,56.95393753051758,56.953938,333.5,305.1284484863281,305.12845,1110.711613,186.1045379638672,186.10454,1,1.6739997863769531,1.6739998,1,0.8532856702804565,0.8532857,0,0.6142374277114868,0.6142374
2025-04-01 18:25:00,1,1,0.57366544,64,71.06420135498047,71.0642,326.5,391.9760437011719,391.97604,218.972968,240.41441345214844,240.41441,1,1.7750883102416992,1.7750883,1,0.994171142578125,0.99417114,0,0.4959125220775604,0.49591252
2025-04-01 18:30:00,1,1,0.5558104,160,61.57512283325195,61.575123,804.0,326.3824768066406,326.38248,2407.375662,291.7037658691406,291.70377,2,1.7081332206726074,1.7081332,2,1.000807762145996,1.0008078,0,0.5548226833343506,0.5548227
2025-04-01 18:35:00,0,1,0.5771477,0,64.60083770751953,64.60084,0.0,328.3620910644531,328.3621,0.0,294.5893249511719,294.58932,0,1.6070630550384521,1.607063,0,1.0433576107025146,1.0433576,0,0.4062846899032593,0.4062847
2025-04-01 18:40:00,1,1,0.55921584,104,70.21039581298828,70.210396,494.5,322.99200439453125,322.992,995.296273,423.4278869628906,423.4279,2,1.634993553161621,1.6349936,2,1.064429759979248,1.0644298,0,0.5268107652664185,0.52681077
2025-04-01 18:45:00,0,1,0.6190796,0,71.20670318603516,71.2067,0.0,369.05865478515625,369.05865,0.0,341.69573974609375,341.69574,0,1.645143747329712,1.6451437,0,1.1816916465759277,1.1816916,0,0.2867566645145416,0.28675666
2025-04-01 18:50:00,1,1,0.50785905,72,66.98297882080078,66.98298,371.5,344.9035339355469,344.90353,97.711264,459.3546142578125,459.3546,2,1.6116745471954346,1.6116745,1,1.2797346115112305,1.2797346,1,0.340444952249527,0.34044495
2025-04-01 18:55:00,1,1,0.5829557,96,56.11113739013672,56.111137,482.0,288.49237060546875,288.49237,42.2739,514.4512939453125,514.4513,1,1.5382354259490967,1.5382354,0,1.083801507949829,1.0838015,1,0.2343146950006485,0.2343147
2025-04-01 19:00:00,1,1,0.5640277,48,72.51774597167969,72.517746,243.5,373.5245056152344,373.5245,975.601774,403.5904541015625,403.59045,1,1.839470624923706,1.8394706,1,1.2512578964233398,1.2512579,0,0.4464702606201172,0.44647026
2025-04-01 19:05:00,0,1,0.607388,0,76.27460479736328,76.274605,0.0,397.8869323730469,397.88693,0.0,423.77655029296875,423.77655,0,1.7829453945159912,1.7829454,0,1.2955567836761475,1.2955568,0,0.45463645458221436,0.45463645
2025-04-01 19:10:00,0,1,0.508384,0,57.98501205444336,57.985012,0.0,299.39166259765625,299.39166,0.0,266.9692687988281,266.96927,0,1.564833402633667,1.5648334,0,1.0274274349212646,1.0274274,0,0.5732324123382568,0.5732324
2025-04-01 19:15:00,0,1,0.38863036,0,55.801307678222656,55.801308,0.0,270.3741455078125,270.37415,0.0,153.4300994873047,153.4301,0,1.5190153121948242,1.5190153,0,0.8639179468154907,0.86391795,0,0.5584326982498169,0.5584327
2025-04-01 19:20:00,0,1,0.35372105,0,50.42380142211914,50.4238,0.0,253.12979125976562,253.12979,0.0,150.53857421875,150.53857,0,1.459937572479248,1.4599376,0,0.8812220096588135,0.881222,0,0.4561843276023865,0.45618433
2025-04-01 19:25:00,1,0,0.31954473,72,0.0,54.891148,373.5,0.0,260.94443,591.7048444999999,0.0,222.80447,2,0.0,1.4687111,2,0.0,0.9632995,0,0.0,0.29986602
2025-04-01 19:30:00,1,1,0.4038432,64,54.33559036254883,54.33559,306.0,285.5228576660156,285.52286,138.933504,301.8797912597656,301.8798,1,1.569765329360962,1.5697653,1,1.0665013790130615,1.0665014,0,0.37103113532066345,0.37103114
2025-04-01 19:35:00,0,1,0.40219724,0,51.558143615722656,51.558144,0.0,278.5266418457031,278.52664,0.0,316.0548095703125,316.0548,0,1.5538766384124756,1.5538766,0,1.0391833782196045,1.0391834,0,0.36732563376426697,0.36732563
2025-04-01 19:40:00,0,1,0.47071853,0,54.831642150878906,54.831642,0.0,291.89630126953125,291.8963,0.0,244.70199584960938,244.702,0,1.5253629684448242,1.525363,0,0.9582140445709229,0.95821404,0,0.5152655839920044,0.5152656
2025-04-01 19:45:00,0,1,0.41787785,0,53.94401550292969,53.944016,0.0,299.21795654296875,299.21796,0.0,269.2082824707031,269.20828,0,1.5097527503967285,1.5097528,0,1.007519006729126,1.007519,0,0.29941749572753906,0.2994175
2025-04-01 19:50:00,0,0,0.33390296,0,0.0,48.94902,0.0,0.0,266.37946,0.0,0.0,271.68204,0,0.0,1.5369911,0,0.0,1.0343704,0,0.0,0.33909377
2025-04-01 19:55:00,0,0,0.29864803,0,0.0,60.497887,0.0,0.0,314.13443,0.0,0.0,336.08124,0,0.0,1.5374577,0,0.0,1.1150346,0,0.0,0.3280496
2025-04-01 20:00:00,0,1,0.39240968,0,68.09851837158203,68.09852,0.0,339.0299987792969,339.03,0.0,344.96258544921875,344.9626,0,1.6267759799957275,1.626776,0,1.4121334552764893,1.4121335,0,0.3001837730407715,0.30018377
2025-04-01 20:05:00,0,0,0.33084735,0,0.0,59.82157,0.0,0.0,289.40613,0.0,0.0,215.64409,0,0.0,1.5578389,0,0.0,1.2077477,0,0.0,0.36629993
2025-04-01 20:10:00,0,0,0.32439613,0,0.0,59.636616,0.0,0.0,300.1617,0.0,0.0,303.9303,0,0.0,1.5122604,0,0.0,1.1423104,0,0.0,0.26715297
2025-04-01 20:15:00,0,0,0.33486235,0,0.0,61.542667,0.0,0.0,317.55356,0.0,0.0,260.6824,0,0.0,1.5598943,0,0.0,1.1697886,0,0.0,0.29889882
2025-04-01 20:20:00,1,0,0.3250647,72,0.0,59.617622,347.0,0.0,295.14883,6462.581365,0.0,250.12706,2,0.0,1.50215,2,0.0,1.1289332,0,0.0,0.26162097
2025-04-01 20:25:00,0,1,0.39677802,0,66.18614959716797,66.18615,0.0,346.5686340332031,346.56863,0.0,391.09259033203125,391.0926,0,1.6346793174743652,1.6346793,0,1.1762611865997314,1.1762612,0,0.3056672215461731,0.30566722
2025-04-01 20:30:00,0,1,0.4444599,0,57.106319427490234,57.10632,0.0,282.94384765625,282.94385,0.0,273.5491943359375,273.5492,0,1.5980124473571777,1.5980124,0,1.0624442100524902,1.0624442,0,0.41612210869789124,0.4161221
2025-04-01 20:35:00,0,0,0.3448235,0,0.0,51.414146,0.0,0.0,264.6757,0.0,0.0,139.7502,0,0.0,1.495806,0,0.0,0.989274,0,0.0,0.44230208
2025-04-01 20:40:00,0,0,0.33553687,0,0.0,67.02601,0.0,0.0,347.35892,0.0,0.0,273.1417,0,0.0,1.4405653,0,0.0,1.035593,0,0.0,0.39375463
2025-04-01 20:45:00,1,0,0.27894497,48,0.0,65.37862,196.0,0.0,318.33786,6737.009093,0.0,287.6861,1,0.0,1.5244527,1,0.0,1.2328961,0,0.0,0.2347693
2025-04-01 20:50:00,1,1,0.3601409,48,61.70328903198242,61.70329,231.0,348.2051086425781,348.2051,30.456979,229.4719696044922,229.47197,1,1.7085075378417969,1.7085075,0,1.1517720222473145,1.151772,1,0.31466642022132874,0.31466642
2025-04-01 20:55:00,0,1,0.40098134,0,59.29555892944336,59.29556,0.0,294.2053527832031,294.20535,0.0,308.781005859375,308.781,0,1.6210908889770508,1.6210909,0,1.0295331478118896,1.0295331,0,0.295893132686615,0.29589313
2025-04-01 21:00:00,0,1,0.48754877,0,64.22943115234375,64.22943,0.0,317.0211486816406,317.02115,0.0,303.2644958496094,303.2645,0,1.6539199352264404,1.6539199,0,1.2397630214691162,1.239763,0,0.31276142597198486,0.31276143
2025-04-01 21:05:00,1,1,0.4134234,48,65.9535140991211,65.953514,230.5,336.22784423828125,336.22784,1.963918,263.90771484375,263.9077,1,1.6136093139648438,1.6136093,0,1.1956615447998047,1.1956615,1,0.2929339110851288,0.2929339
2025-04-01 21:10:00,0,1,0.4006735,0,74.83597564697266,74.835976,0.0,391.9884338378906,391.98843,0.0,294.5677490234375,294.56775,0,1.6507055759429932,1.6507056,0,1.1974530220031738,1.197453,0,0.3609035909175873,0.3609036
2025-04-01 21:15:00,1,1,0.37939984,108,54.69457244873047,54.694572,593.0,278.90545654296875,278.90546,85.34554700000001,182.64605712890625,182.64606,2,1.5141396522521973,1.5141397,1,0.964532732963562,0.96453273,1,0.3508174419403076,0.35081744
2025-04-01 21:20:00,1,1,0.52094203,48,61.54878234863281,61.548782,205.5,339.9471435546875,339.94714,6966.441736,250.30697631835938,250.30698,1,1.585057258605957,1.5850573,1,0.9180065393447876,0.91800654,0,0.43518537282943726,0.43518537
2025-04-01 21:25:00,1,1,0.51459396,48,56.62392807006836,56.623928,218.0,295.45770263671875,295.4577,1434.629127,236.30381774902344,236.30382,1,1.674072265625,1.6740723,1,1.0012741088867188,1.0012741,0,0.4580288529396057,0.45802885
2025-04-01 21:30:00,0,1,0.4513321,0,62.2309455871582,62.230946,0.0,325.9138488769531,325.91385,0.0,650.617919921875,650.6179,0,1.5690674781799316,1.5690675,0,1.053168535232544,1.0531685,0,0.325289249420166,0.32528925
2025-04-01 21:35:00,0,1,0.5512961,0,66.60031127929688,66.60031,0.0,358.63525390625,358.63525,0.0,297.55126953125,297.55127,0,1.543630838394165,1.5436308,0,1.1075801849365234,1.1075802,0,0.2724922299385071,0.27249223
2025-04-01 21:40:00,0,1,0.38436675,0,64.3655014038086,64.3655,0.0,311.506591796875,311.5066,0.0,196.558837890625,196.55884,0,1.583956241607666,1.5839562,0,0.9830272197723389,0.9830272,0,0.29243889451026917,0.2924389
2025-04-01 21:45:00,1,1,0.39408273,48,59.61241912841797,59.61242,233.0,295.5196228027344,295.51962,6448.883226,305.785888671875,305.7859,1,1.582597255706787,1.5825973,1,1.1067380905151367,1.1067381,0,0.20758271217346191,0.20758271
2025-04-01 21:50:00,0,1,0.35520494,0,66.08108520507812,66.081085,0.0,318.51165771484375,318.51166,0.0,352.1289367675781,352.12894,0,1.6225967407226562,1.6225967,0,1.224022626876831,1.2240226,0,0.22203147411346436,0.22203147
2025-04-01 21:55:00,1,1,0.44056362,112,57.28244400024414,57.282444,521.5,276.6206359863281,276.62064,1249.2291355,232.1868133544922,232.18681,2,1.588071584701538,1.5880716,2,1.024432897567749,1.0244329,0,0.2569601237773895,0.25696012
2025-04-01 22:00:00,0,1,0.5365532,0,84.33467864990234,84.33468,0.0,399.73388671875,399.7339,0.0,512.6354370117188,512.63544,0,1.752913236618042,1.7529132,0,1.3134427070617676,1.3134427,0,0.22267445921897888,0.22267446
2025-04-01 22:05:00,1,1,0.36549973,48,75.71549224853516,75.71549,250.5,385.4244384765625,385.42444,19785.352623,354.5547180175781,354.55472,1,1.6533210277557373,1.653321,1,1.1980361938476562,1.1980362,0,0.2433714121580124,0.24337141
2025-04-01 22:10:00,0,1,0.46598113,0,64.58614349365234,64.58614,0.0,347.0509338378906,347.05093,0.0,426.8576965332031,426.8577,0,1.5067112445831299,1.5067112,0,1.175673246383667,1.1756732,0,0.18020334839820862,0.18020335
2025-04-01 22:15:00,0,1,0.45099258,0,58.10695266723633,58.106953,0.0,280.4836120605469,280.4836,0.0,300.1125793457031,300.11258,0,1.3795409202575684,1.3795409,0,1.002415657043457,1.0024157,0,0.15280838310718536,0.15280838
2025-04-01 22:20:00,0,0,0.31340817,0,0.0,62.913692,0.0,0.0,298.8227,0.0,0.0,194.64398,0,0.0,1.4871509,0,0.0,1.0693357,0,0.0,0.20472941
2025-04-01 22:25:00,1,0,0.34744248,66,0.0,70.83988,331.5,0.0,344.3142,127.042623,0.0,210.79593,2,0.0,1.5210915,1,0.0,1.0660312,1,0.0,0.20213266
2025-04-01 22:30:00,0,1,0.4513253,0,65.82574462890625,65.825745,0.0,323.42608642578125,323.4261,0.0,303.02899169921875,303.029,0,1.5901825428009033,1.5901825,0,1.2132618427276611,1.2132618,0,0.1956007480621338,0.19560075
2025-04-01 22:35:00,0,1,0.4004108,0,58.512020111083984,58.51202,0.0,304.0114440917969,304.01144,0.0,301.8659362792969,301.86594,0,1.498734951019287,1.498735,0,1.1298301219940186,1.1298301,0,0.2373175472021103,0.23731755
2025-04-01 22:40:00,0,0,0.34456486,0,0.0,60.573414,0.0,0.0,315.42877,0.0,0.0,319.8656,0,0.0,1.4938412,0,0.0,1.0355794,0,0.0,0.22537269
2025-04-01 22:45:00,0,1,0.38327795,0,68.30891418457031,68.308914,0.0,336.7221984863281,336.7222,0.0,299.3075866699219,299.3076,0,1.5104005336761475,1.5104005,0,1.109764575958252,1.1097646,0,0.20963948965072632,0.20963949
2025-04-01 22:50:00,1,0,0.3074605,64,0.0,66.69347,322.0,0.0,330.25433,516.53758,0.0,454.15558,1,0.0,1.55741,1,0.0,1.1956403,0,0.0,0.20055225
2025-04-01 22:55:00,0,1,0.38254014,0,69.93128204345703,69.93128,0.0,317.5799865722656,317.58,0.0,389.02593994140625,389.02594,0,1.4445834159851074,1.4445834,0,1.0629582405090332,1.0629582,0,0.21633891761302948,0.21633892
2025-04-01 23:00:00,0,1,0.35609132,0,60.67576217651367,60.675762,0.0,305.2049255371094,305.20493,0.0,449.311279296875,449.31128,0,1.565565824508667,1.5655658,0,1.0930402278900146,1.0930402,0,0.1738889217376709,0.17388892
2025-04-01 23:05:00,0,1,0.39698434,0,68.40274047851562,68.40274,0.0,340.90234375,340.90234,0.0,490.6285095214844,490.6285,0,1.714339017868042,1.714339,0,1.3856220245361328,1.385622,0,0.20715665817260742,0.20715666
2025-04-01 23:10:00,1,0,0.3165222,104,0.0,58.680595,526.0,0.0,305.26862,275.1599735,0.0,310.82724,2,0.0,1.5443974,2,0.0,1.1445563,0,0.0,0.19644997
2025-04-01 23:15:00,1,1,0.43144226,160,75.04241180419922,75.04241,732.0,394.6838684082031,394.68387,279.679168,358.8876037597656,358.8876,2,1.5871679782867432,1.587168,1,1.2986631393432617,1.2986631,1,0.21531711518764496,0.21531712
2025-04-01 23:20:00,1,1,0.52512485,64,86.95524597167969,86.955246,326.0,469.82440185546875,469.8244,3273.664931,281.3369445800781,281.33694,1,1.660783052444458,1.660783,1,1.2996547222137451,1.2996547,0,0.26708269119262695,0.2670827
2025-04-01 23:25:00,1,1,0.52555096,48,85.57366180419922,85.57366,233.5,402.639892578125,402.6399,2.231262,408.3280029296875,408.328,1,1.6493208408355713,1.6493208,0,1.281320333480835,1.2813203,1,0.2255147248506546,0.22551472
2025-04-01 23:30:00,1,1,0.5774178,168,76.5247573852539,76.52476,852.0,383.0666809082031,383.06668,2349.7344093333336,330.65277099609375,330.65277,3,1.6272048950195312,1.6272049,2,1.2371826171875,1.2371826,1,0.28622421622276306,0.28622422
2025-04-01 23:35:00,1,1,0.6490195,128,87.9078369140625,87.90784,630.0,446.37957763671875,446.37958,46.821507,344.24310302734375,344.2431,2,1.8645751476287842,1.8645751,1,1.304314374923706,1.3043144,1,0.36792558431625366,0.36792558
2025-04-01 23:40:00,1,1,0.66884196,72,91.38121795654297,91.38122,334.5,457.5303649902344,457.53036,6512.9768965,358.3392333984375,358.33923,2,1.7802588939666748,1.7802589,2,1.2191712856292725,1.2191713,0,0.4846218228340149,0.48462182
2025-04-01 23:45:00,1,1,0.74413985,64,100.52064514160156,100.520645,319.0,484.2606506347656,484.26065,0.1,440.2733154296875,440.27332,1,1.8829004764556885,1.8829005,0,1.3274002075195312,1.3274002,1,0.45306870341300964,0.4530687
2025-04-01 23:50:00,1,1,0.6420806,144,71.56208038330078,71.56208,725.0,343.11248779296875,343.1125,331.9832435,412.9518737792969,412.95187,2,1.6651809215545654,1.6651809,1,1.2567222118377686,1.2567222,1,0.4214526414871216,0.42145264
2025-04-01 23:55:00,1,1,0.67738736,104,98.70523071289062,98.70523,501.0,466.2187805175781,466.21878,2082.6416676666668,598.3872680664062,598.38727,3,1.627532958984375,1.627533,3,1.2084667682647705,1.2084668,0,0.4773564338684082,0.47735643
