time_slot,predicted_active,active_probability,predicted_job_count_for_window,generated_job_number_in_window,predicted_cpu_request,predicted_memory_request,predicted_duration_minutes,predicted_job_type_encoded,predicted_job_type
2025-04-01 00:00:00,1,0.7891545295715332,2,1,75.616165,367.28754,14.398687,1,interactive
2025-04-01 00:00:00,1,0.7891545295715332,2,2,75.616165,367.28754,14.398687,1,interactive
2025-04-01 00:05:00,1,0.637376606464386,2,1,77.05731,370.7996,14.061527,1,interactive
2025-04-01 00:05:00,1,0.637376606464386,2,2,77.05731,370.7996,14.061527,1,interactive
2025-04-01 00:10:00,1,0.5597847104072571,1,1,77.11089,372.50742,13.526095,1,interactive
2025-04-01 00:15:00,1,0.45904451608657837,1,1,77.11089,372.8105,14.224208,1,interactive
2025-04-01 00:20:00,1,0.4153718948364258,1,1,75.96989,372.7941,14.910177,1,interactive
2025-04-01 00:25:00,1,0.357994019985199,1,1,73.28773,356.84067,14.910177,1,interactive
2025-04-01 00:30:00,1,0.40569934248924255,1,1,73.30424,356.13257,15.203972,1,interactive
2025-04-01 00:35:00,1,0.4993511438369751,1,1,73.25242,356.13257,13.65195,1,interactive
2025-04-01 00:40:00,1,0.4993579387664795,1,1,73.71773,356.3358,11.980026,1,interactive
2025-04-01 00:45:00,1,0.5542129278182983,1,1,74.238815,362.5712,13.156203,1,interactive
2025-04-01 00:50:00,1,0.44356241822242737,1,1,74.40374,362.5712,15.341078,1,interactive
2025-04-01 00:55:00,1,0.35385003685951233,1,1,74.578186,363.48022,15.721737,1,interactive
2025-04-01 01:00:00,1,0.37034788727760315,2,1,74.550766,362.68372,16.371372,1,interactive
2025-04-01 01:00:00,1,0.37034788727760315,2,2,74.550766,362.68372,16.371372,1,interactive
2025-04-01 01:05:00,1,0.46102774143218994,2,1,74.550766,362.68372,15.893188,1,interactive
2025-04-01 01:05:00,1,0.46102774143218994,2,2,74.550766,362.68372,15.893188,1,interactive
2025-04-01 01:10:00,1,0.4197586476802826,1,1,75.02809,364.76877,13.935898,1,interactive
2025-04-01 01:15:00,1,0.44823774695396423,1,1,75.02809,363.63913,12.35465,1,interactive
2025-04-01 01:20:00,1,0.39978671073913574,1,1,74.928276,363.6231,12.368618,1,interactive
2025-04-01 01:30:00,1,0.5087217688560486,2,1,74.94515,363.93692,13.281076,1,interactive
2025-04-01 01:30:00,1,0.5087217688560486,2,2,74.94515,363.93692,13.281076,1,interactive
2025-04-01 01:35:00,1,0.6803812384605408,2,1,75.00011,363.93692,13.001654,1,interactive
2025-04-01 01:35:00,1,0.6803812384605408,2,2,75.00011,363.93692,13.001654,1,interactive
2025-04-01 01:40:00,1,0.6408320665359497,2,1,75.476364,363.28284,11.514341,1,interactive
2025-04-01 01:40:00,1,0.6408320665359497,2,2,75.476364,363.28284,11.514341,1,interactive
2025-04-01 01:45:00,1,0.7652596831321716,2,1,75.10956,363.28284,11.514341,1,interactive
2025-04-01 01:45:00,1,0.7652596831321716,2,2,75.10956,363.28284,11.514341,1,interactive
2025-04-01 01:50:00,1,0.6371541619300842,2,1,75.16383,363.28284,12.927604,1,interactive
2025-04-01 01:50:00,1,0.6371541619300842,2,2,75.16383,363.28284,12.927604,1,interactive
2025-04-01 01:55:00,1,0.8149033188819885,2,1,75.16383,364.19366,13.140453,1,interactive
2025-04-01 01:55:00,1,0.8149033188819885,2,2,75.16383,364.19366,13.140453,1,interactive
2025-04-01 02:00:00,1,0.6618703007698059,2,1,75.03625,363.3956,14.327573,1,interactive
2025-04-01 02:00:00,1,0.6618703007698059,2,2,75.03625,363.3956,14.327573,1,interactive
2025-04-01 02:05:00,1,0.557971715927124,2,1,75.03625,363.3956,13.862745,1,interactive
2025-04-01 02:05:00,1,0.557971715927124,2,2,75.03625,363.3956,13.862745,1,interactive
2025-04-01 02:10:00,1,0.556871771812439,2,1,74.99496,362.64557,12.339741,1,interactive
2025-04-01 02:10:00,1,0.556871771812439,2,2,74.99496,362.64557,12.339741,1,interactive
2025-04-01 02:30:00,1,0.37355419993400574,1,1,75.01185,361.8185,12.615495,1,interactive
2025-04-01 02:35:00,1,0.4125038683414459,1,1,74.95884,361.44797,12.363325,1,interactive
2025-04-01 02:40:00,1,0.3766615688800812,1,1,75.434845,361.6542,11.586658,1,interactive
2025-04-01 02:45:00,1,0.3556368947029114,1,1,75.22124,361.95938,11.312437,1,interactive
2025-04-01 02:50:00,1,0.4388371706008911,1,1,74.90819,361.95938,12.127987,1,interactive
2025-04-01 02:55:00,1,0.41561248898506165,1,1,76.34689,372.4686,12.529003,1,interactive
2025-04-01 03:00:00,1,0.4748547375202179,2,1,75.73323,372.11917,14.608433,1,interactive
2025-04-01 03:00:00,1,0.4748547375202179,2,2,75.73323,372.11917,14.608433,1,interactive
2025-04-01 03:05:00,1,0.4792010486125946,1,1,75.73323,372.11917,14.135088,1,interactive
2025-04-01 03:10:00,1,0.379809707403183,1,1,75.73323,372.6414,12.1717005,1,interactive
2025-04-01 03:50:00,1,0.36332404613494873,1,1,76.0707,373.05835,12.727806,1,interactive
2025-04-01 03:55:00,1,0.35033655166625977,1,1,76.12206,373.4863,13.698418,1,interactive
2025-04-01 04:05:00,1,0.4113241732120514,1,1,76.244286,375.1643,14.925968,1,interactive
2025-04-01 04:10:00,1,0.41597869992256165,1,1,76.19233,375.69077,13.200936,1,interactive
2025-04-01 04:15:00,1,0.4353788495063782,1,1,78.61451,382.74722,13.710264,1,interactive
2025-04-01 04:20:00,1,0.36115336418151855,1,1,78.61451,383.2854,13.710264,1,interactive
2025-04-01 04:25:00,1,0.3560856282711029,1,1,78.61451,383.2854,14.128818,1,interactive
2025-04-01 04:40:00,1,0.41832050681114197,1,1,75.296394,367.9136,10.432419,1,interactive
2025-04-01 04:45:00,1,0.3838600516319275,1,1,74.93045,367.9136,10.170839,1,interactive
2025-04-01 05:45:00,1,0.3676091432571411,1,1,71.73671,348.91135,8.78044,1,interactive
2025-04-01 05:55:00,1,0.3753816783428192,1,1,68.05698,339.97772,10.21309,1,interactive
2025-04-01 06:20:00,1,0.3859795928001404,1,1,75.47513,366.43875,10.248718,1,interactive
2025-04-01 06:25:00,1,0.4735200107097626,1,1,75.47513,365.68243,10.248718,1,interactive
2025-04-01 06:30:00,1,0.46770933270454407,1,1,75.60477,366.7004,10.456436,1,interactive
2025-04-01 06:35:00,1,0.4683709442615509,1,1,74.502106,366.27286,10.244254,1,interactive
2025-04-01 06:40:00,1,0.40627536177635193,1,1,74.97525,366.48184,10.350047,1,interactive
2025-04-01 06:45:00,1,0.38749563694000244,1,1,74.58467,367.30844,10.404733,1,interactive
2025-04-01 06:50:00,1,0.4096857011318207,1,1,74.63857,367.30844,11.299072,1,interactive
2025-04-01 07:00:00,1,0.4187273681163788,2,1,73.88501,364.75168,13.523744,1,interactive
2025-04-01 07:00:00,1,0.4187273681163788,2,2,73.88501,364.75168,13.523744,1,interactive
2025-04-01 07:05:00,1,0.3714398741722107,1,1,73.88501,364.75168,12.753015,1,interactive
2025-04-01 07:10:00,1,0.3601774573326111,1,1,73.88501,365.26358,11.058294,1,interactive
2025-04-01 07:35:00,1,0.360507607460022,1,1,76.93079,391.88873,11.330574,1,interactive
2025-04-01 07:40:00,1,0.39755576848983765,1,1,77.97886,392.1123,10.0915785,1,interactive
2025-04-01 07:45:00,1,0.3533887565135956,1,1,77.600044,392.1123,10.0915785,1,interactive
2025-04-01 08:00:00,1,0.38103073835372925,1,1,76.65118,386.64267,12.772571,1,interactive
2025-04-01 08:05:00,1,0.40630653500556946,1,1,76.65118,386.98828,12.50491,1,interactive
2025-04-01 08:10:00,1,0.37254348397254944,1,1,76.65118,387.5313,10.831786,1,interactive
2025-04-01 08:15:00,1,0.3856757879257202,1,1,76.59895,386.72363,10.831786,1,interactive
2025-04-01 08:45:00,1,0.37863394618034363,1,1,75.44789,376.55826,10.065406,1,interactive
2025-04-01 08:50:00,1,0.39739423990249634,1,1,75.50241,376.55826,10.854949,1,interactive
2025-04-01 08:55:00,1,0.4410982131958008,1,1,75.5834,376.3529,11.33065,1,interactive
2025-04-01 09:00:00,1,0.36544427275657654,1,1,75.98443,377.3718,12.912573,1,interactive
2025-04-01 09:05:00,1,0.3652932643890381,1,1,76.04704,380.0593,12.197156,1,interactive
2025-04-01 09:15:00,1,0.3609875440597534,1,1,75.82956,379.19684,10.561579,1,interactive
2025-04-01 09:20:00,1,0.41043657064437866,1,1,75.82956,379.73,10.561579,1,interactive
2025-04-01 10:35:00,1,0.3740173280239105,1,1,77.710495,387.50388,9.201386,1,interactive
2025-04-01 10:40:00,1,0.3755996525287628,2,1,78.20374,387.72495,8.437453,1,interactive
2025-04-01 10:40:00,1,0.3755996525287628,2,2,78.20374,387.72495,8.437453,1,interactive
2025-04-01 10:45:00,1,0.49965155124664307,2,1,77.82385,386.78854,8.150424,1,interactive
2025-04-01 10:45:00,1,0.49965155124664307,2,2,77.82385,386.78854,8.150424,1,interactive
2025-04-01 10:50:00,1,0.5556496977806091,3,1,77.880066,386.89746,8.680488,1,interactive
2025-04-01 10:50:00,1,0.5556496977806091,3,2,77.880066,386.89746,8.680488,1,interactive
2025-04-01 10:50:00,1,0.5556496977806091,3,3,77.880066,386.89746,8.680488,1,interactive
2025-04-01 10:55:00,1,0.544860303401947,2,1,76.769905,380.80792,8.928756,1,interactive
2025-04-01 10:55:00,1,0.544860303401947,2,2,76.769905,380.80792,8.928756,1,interactive
2025-04-01 11:00:00,1,0.6143233776092529,2,1,76.62419,379.3176,6.994322,1,interactive
2025-04-01 11:00:00,1,0.6143233776092529,2,2,76.62419,379.3176,6.994322,1,interactive
2025-04-01 11:05:00,1,0.629937469959259,2,1,76.88956,378.1703,6.5851088,1,interactive
2025-04-01 11:05:00,1,0.629937469959259,2,2,76.88956,378.1703,6.5851088,1,interactive
2025-04-01 11:10:00,1,0.8803949356079102,4,1,77.016266,379.09802,5.9182525,1,interactive
2025-04-01 11:10:00,1,0.8803949356079102,4,2,77.016266,379.09802,5.9182525,1,interactive
2025-04-01 11:10:00,1,0.8803949356079102,4,3,77.016266,379.09802,5.9182525,1,interactive
2025-04-01 11:10:00,1,0.8803949356079102,4,4,77.016266,379.09802,5.9182525,1,interactive
2025-04-01 11:15:00,1,0.9325314164161682,6,1,77.016266,378.3079,6.129429,1,interactive
2025-04-01 11:15:00,1,0.9325314164161682,6,2,77.016266,378.3079,6.129429,1,interactive
2025-04-01 11:15:00,1,0.9325314164161682,6,3,77.016266,378.3079,6.129429,1,interactive
2025-04-01 11:15:00,1,0.9325314164161682,6,4,77.016266,378.3079,6.129429,1,interactive
2025-04-01 11:15:00,1,0.9325314164161682,6,5,77.016266,378.3079,6.129429,1,interactive
2025-04-01 11:15:00,1,0.9325314164161682,6,6,77.016266,378.3079,6.129429,1,interactive
2025-04-01 11:20:00,1,0.9442384839057922,8,1,77.06167,379.56503,6.1303587,1,interactive
2025-04-01 11:20:00,1,0.9442384839057922,8,2,77.06167,379.56503,6.1303587,1,interactive
2025-04-01 11:20:00,1,0.9442384839057922,8,3,77.06167,379.56503,6.1303587,1,interactive
2025-04-01 11:20:00,1,0.9442384839057922,8,4,77.06167,379.56503,6.1303587,1,interactive
2025-04-01 11:20:00,1,0.9442384839057922,8,5,77.06167,379.56503,6.1303587,1,interactive
2025-04-01 11:20:00,1,0.9442384839057922,8,6,77.06167,379.56503,6.1303587,1,interactive
2025-04-01 11:20:00,1,0.9442384839057922,8,7,77.06167,379.56503,6.1303587,1,interactive
2025-04-01 11:20:00,1,0.9442384839057922,8,8,77.06167,379.56503,6.1303587,1,interactive
2025-04-01 11:25:00,1,0.9682164788246155,13,1,77.06167,379.56503,5.9889393,1,interactive
2025-04-01 11:25:00,1,0.9682164788246155,13,2,77.06167,379.56503,5.9889393,1,interactive
2025-04-01 11:25:00,1,0.9682164788246155,13,3,77.06167,379.56503,5.9889393,1,interactive
2025-04-01 11:25:00,1,0.9682164788246155,13,4,77.06167,379.56503,5.9889393,1,interactive
2025-04-01 11:25:00,1,0.9682164788246155,13,5,77.06167,379.56503,5.9889393,1,interactive
2025-04-01 11:25:00,1,0.9682164788246155,13,6,77.06167,379.56503,5.9889393,1,interactive
2025-04-01 11:25:00,1,0.9682164788246155,13,7,77.06167,379.56503,5.9889393,1,interactive
2025-04-01 11:25:00,1,0.9682164788246155,13,8,77.06167,379.56503,5.9889393,1,interactive
2025-04-01 11:25:00,1,0.9682164788246155,13,9,77.06167,379.56503,5.9889393,1,interactive
2025-04-01 11:25:00,1,0.9682164788246155,13,10,77.06167,379.56503,5.9889393,1,interactive
2025-04-01 11:25:00,1,0.9682164788246155,13,11,77.06167,379.56503,5.9889393,1,interactive
2025-04-01 11:25:00,1,0.9682164788246155,13,12,77.06167,379.56503,5.9889393,1,interactive
2025-04-01 11:25:00,1,0.9682164788246155,13,13,77.06167,379.56503,5.9889393,1,interactive
2025-04-01 11:30:00,1,0.966812789440155,10,1,76.98536,378.12436,6.1179967,1,interactive
2025-04-01 11:30:00,1,0.966812789440155,10,2,76.98536,378.12436,6.1179967,1,interactive
2025-04-01 11:30:00,1,0.966812789440155,10,3,76.98536,378.12436,6.1179967,1,interactive
2025-04-01 11:30:00,1,0.966812789440155,10,4,76.98536,378.12436,6.1179967,1,interactive
2025-04-01 11:30:00,1,0.966812789440155,10,5,76.98536,378.12436,6.1179967,1,interactive
2025-04-01 11:30:00,1,0.966812789440155,10,6,76.98536,378.12436,6.1179967,1,interactive
2025-04-01 11:30:00,1,0.966812789440155,10,7,76.98536,378.12436,6.1179967,1,interactive
2025-04-01 11:30:00,1,0.966812789440155,10,8,76.98536,378.12436,6.1179967,1,interactive
2025-04-01 11:30:00,1,0.966812789440155,10,9,76.98536,378.12436,6.1179967,1,interactive
2025-04-01 11:30:00,1,0.966812789440155,10,10,76.98536,378.12436,6.1179967,1,interactive
2025-04-01 11:35:00,1,0.9584335088729858,5,1,76.93098,378.12436,6.477621,1,interactive
2025-04-01 11:35:00,1,0.9584335088729858,5,2,76.93098,378.12436,6.477621,1,interactive
2025-04-01 11:35:00,1,0.9584335088729858,5,3,76.93098,378.12436,6.477621,1,interactive
2025-04-01 11:35:00,1,0.9584335088729858,5,4,76.93098,378.12436,6.477621,1,interactive
2025-04-01 11:35:00,1,0.9584335088729858,5,5,76.93098,378.12436,6.477621,1,interactive
2025-04-01 11:40:00,1,0.9723448753356934,6,1,77.41934,378.3401,6.0682235,1,interactive
2025-04-01 11:40:00,1,0.9723448753356934,6,2,77.41934,378.3401,6.0682235,1,interactive
2025-04-01 11:40:00,1,0.9723448753356934,6,3,77.41934,378.3401,6.0682235,1,interactive
2025-04-01 11:40:00,1,0.9723448753356934,6,4,77.41934,378.3401,6.0682235,1,interactive
2025-04-01 11:40:00,1,0.9723448753356934,6,5,77.41934,378.3401,6.0682235,1,interactive
2025-04-01 11:40:00,1,0.9723448753356934,6,6,77.41934,378.3401,6.0682235,1,interactive
2025-04-01 11:45:00,1,0.9377575516700745,6,1,77.043205,378.3401,6.1574173,1,interactive
2025-04-01 11:45:00,1,0.9377575516700745,6,2,77.043205,378.3401,6.1574173,1,interactive
2025-04-01 11:45:00,1,0.9377575516700745,6,3,77.043205,378.3401,6.1574173,1,interactive
2025-04-01 11:45:00,1,0.9377575516700745,6,4,77.043205,378.3401,6.1574173,1,interactive
2025-04-01 11:45:00,1,0.9377575516700745,6,5,77.043205,378.3401,6.1574173,1,interactive
2025-04-01 11:45:00,1,0.9377575516700745,6,6,77.043205,378.3401,6.1574173,1,interactive
2025-04-01 11:50:00,1,0.9696692824363708,10,1,77.09886,378.3401,7.078456,1,interactive
2025-04-01 11:50:00,1,0.9696692824363708,10,2,77.09886,378.3401,7.078456,1,interactive
2025-04-01 11:50:00,1,0.9696692824363708,10,3,77.09886,378.3401,7.078456,1,interactive
2025-04-01 11:50:00,1,0.9696692824363708,10,4,77.09886,378.3401,7.078456,1,interactive
2025-04-01 11:50:00,1,0.9696692824363708,10,5,77.09886,378.3401,7.078456,1,interactive
2025-04-01 11:50:00,1,0.9696692824363708,10,6,77.09886,378.3401,7.078456,1,interactive
2025-04-01 11:50:00,1,0.9696692824363708,10,7,77.09886,378.3401,7.078456,1,interactive
2025-04-01 11:50:00,1,0.9696692824363708,10,8,77.09886,378.3401,7.078456,1,interactive
2025-04-01 11:50:00,1,0.9696692824363708,10,9,77.09886,378.3401,7.078456,1,interactive
2025-04-01 11:50:00,1,0.9696692824363708,10,10,77.09886,378.3401,7.078456,1,interactive
2025-04-01 11:55:00,1,0.9317542910575867,12,1,77.109215,378.33685,7.457885,1,interactive
2025-04-01 11:55:00,1,0.9317542910575867,12,2,77.109215,378.33685,7.457885,1,interactive
2025-04-01 11:55:00,1,0.9317542910575867,12,3,77.109215,378.33685,7.457885,1,interactive
2025-04-01 11:55:00,1,0.9317542910575867,12,4,77.109215,378.33685,7.457885,1,interactive
2025-04-01 11:55:00,1,0.9317542910575867,12,5,77.109215,378.33685,7.457885,1,interactive
2025-04-01 11:55:00,1,0.9317542910575867,12,6,77.109215,378.33685,7.457885,1,interactive
2025-04-01 11:55:00,1,0.9317542910575867,12,7,77.109215,378.33685,7.457885,1,interactive
2025-04-01 11:55:00,1,0.9317542910575867,12,8,77.109215,378.33685,7.457885,1,interactive
2025-04-01 11:55:00,1,0.9317542910575867,12,9,77.109215,378.33685,7.457885,1,interactive
2025-04-01 11:55:00,1,0.9317542910575867,12,10,77.109215,378.33685,7.457885,1,interactive
2025-04-01 11:55:00,1,0.9317542910575867,12,11,77.109215,378.33685,7.457885,1,interactive
2025-04-01 11:55:00,1,0.9317542910575867,12,12,77.109215,378.33685,7.457885,1,interactive
2025-04-01 12:00:00,1,0.8617226481437683,8,1,76.96539,376.85614,8.112085,1,interactive
2025-04-01 12:00:00,1,0.8617226481437683,8,2,76.96539,376.85614,8.112085,1,interactive
2025-04-01 12:00:00,1,0.8617226481437683,8,3,76.96539,376.85614,8.112085,1,interactive
2025-04-01 12:00:00,1,0.8617226481437683,8,4,76.96539,376.85614,8.112085,1,interactive
2025-04-01 12:00:00,1,0.8617226481437683,8,5,76.96539,376.85614,8.112085,1,interactive
2025-04-01 12:00:00,1,0.8617226481437683,8,6,76.96539,376.85614,8.112085,1,interactive
2025-04-01 12:00:00,1,0.8617226481437683,8,7,76.96539,376.85614,8.112085,1,interactive
2025-04-01 12:00:00,1,0.8617226481437683,8,8,76.96539,376.85614,8.112085,1,interactive
2025-04-01 12:05:00,1,0.678484320640564,2,1,76.96539,376.85614,7.8357506,1,interactive
2025-04-01 12:05:00,1,0.678484320640564,2,2,76.96539,376.85614,7.8357506,1,interactive
2025-04-01 12:10:00,1,0.6301433444023132,2,1,76.68762,376.2651,7.25562,1,interactive
2025-04-01 12:10:00,1,0.6301433444023132,2,2,76.68762,376.2651,7.25562,1,interactive
2025-04-01 12:15:00,1,0.5216907858848572,2,1,74.65307,360.1279,6.5749865,1,interactive
2025-04-01 12:15:00,1,0.5216907858848572,2,2,74.65307,360.1279,6.5749865,1,interactive
2025-04-01 12:30:00,1,0.38262316584587097,2,1,74.660934,359.09427,6.49997,1,interactive
2025-04-01 12:30:00,1,0.38262316584587097,2,2,74.660934,359.09427,6.49997,1,interactive
2025-04-01 12:35:00,1,0.38521891832351685,2,1,74.60817,359.22617,6.3610587,1,interactive
2025-04-01 12:35:00,1,0.38521891832351685,2,2,74.60817,359.22617,6.3610587,1,interactive
2025-04-01 12:40:00,1,0.44213229417800903,2,1,74.70287,359.43115,6.0170135,1,interactive
2025-04-01 12:40:00,1,0.44213229417800903,2,2,74.70287,359.43115,6.0170135,1,interactive
2025-04-01 12:45:00,1,0.40748196840286255,2,1,74.33977,358.89532,6.0170135,1,interactive
2025-04-01 12:45:00,1,0.40748196840286255,2,2,74.33977,358.89532,6.0170135,1,interactive
2025-04-01 12:50:00,1,0.40385469794273376,2,1,74.13087,358.02393,6.5177007,1,interactive
2025-04-01 12:50:00,1,0.40385469794273376,2,2,74.13087,358.02393,6.5177007,1,interactive
2025-04-01 12:55:00,1,0.4465930759906769,2,1,73.97769,357.40216,6.7845736,1,interactive
2025-04-01 12:55:00,1,0.4465930759906769,2,2,73.97769,357.40216,6.7845736,1,interactive
2025-04-01 13:00:00,1,0.44399353861808777,2,1,74.053345,356.00317,7.526189,1,interactive
2025-04-01 13:00:00,1,0.44399353861808777,2,2,74.053345,356.00317,7.526189,1,interactive
2025-04-01 13:05:00,1,0.6582219004631042,2,1,74.053345,356.00317,8.533047,1,interactive
2025-04-01 13:05:00,1,0.6582219004631042,2,2,74.053345,356.00317,8.533047,1,interactive
2025-04-01 13:10:00,1,0.7041268348693848,2,1,74.202194,357.85754,7.9373207,1,interactive
2025-04-01 13:10:00,1,0.7041268348693848,2,2,74.202194,357.85754,7.9373207,1,interactive
2025-04-01 13:15:00,1,0.6718875169754028,2,1,73.898796,357.11157,7.9373207,1,interactive
2025-04-01 13:15:00,1,0.6718875169754028,2,2,73.898796,357.11157,7.9373207,1,interactive
2025-04-01 13:20:00,1,0.6742573976516724,2,1,75.013664,361.87976,7.8931265,1,interactive
2025-04-01 13:20:00,1,0.6742573976516724,2,2,75.013664,361.87976,7.8931265,1,interactive
2025-04-01 13:25:00,1,0.6942895650863647,2,1,75.07443,361.87976,8.0994005,1,interactive
2025-04-01 13:25:00,1,0.6942895650863647,2,2,75.07443,361.87976,8.0994005,1,interactive
2025-04-01 13:30:00,1,0.47227707505226135,2,1,75.09649,362.19208,8.176584,1,interactive
2025-04-01 13:30:00,1,0.47227707505226135,2,2,75.09649,362.19208,8.176584,1,interactive
2025-04-01 13:35:00,1,0.496195524930954,2,1,75.04343,362.19208,7.682783,1,interactive
2025-04-01 13:35:00,1,0.496195524930954,2,2,75.04343,362.19208,7.682783,1,interactive
2025-04-01 13:40:00,1,0.5113999247550964,2,1,71.88927,353.5276,7.130623,1,interactive
2025-04-01 13:40:00,1,0.5113999247550964,2,2,71.88927,353.5276,7.130623,1,interactive
2025-04-01 13:45:00,1,0.4170103669166565,2,1,71.53966,353.5276,7.130623,1,interactive
2025-04-01 13:45:00,1,0.4170103669166565,2,2,71.53966,353.5276,7.130623,1,interactive
2025-04-01 13:50:00,1,0.36385655403137207,2,1,71.59139,353.5276,7.710763,1,interactive
2025-04-01 13:50:00,1,0.36385655403137207,2,2,71.59139,353.5276,7.710763,1,interactive
2025-04-01 13:55:00,1,0.4360538125038147,2,1,71.56125,353.5276,8.94576,1,interactive
2025-04-01 13:55:00,1,0.4360538125038147,2,2,71.56125,353.5276,8.94576,1,interactive
2025-04-01 14:00:00,1,0.41670340299606323,2,1,70.64711,348.59766,10.022026,1,interactive
2025-04-01 14:00:00,1,0.41670340299606323,2,2,70.64711,348.59766,10.022026,1,interactive
2025-04-01 14:05:00,1,0.399635910987854,2,1,70.44334,344.5987,9.884758,1,interactive
2025-04-01 14:05:00,1,0.399635910987854,2,2,70.44334,344.5987,9.884758,1,interactive
2025-04-01 14:30:00,1,0.4550899863243103,2,1,69.034645,339.7557,9.392999,1,interactive
2025-04-01 14:30:00,1,0.4550899863243103,2,2,69.034645,339.7557,9.392999,1,interactive
2025-04-01 14:35:00,1,0.6758058667182922,2,1,67.532936,332.49585,8.498493,1,interactive
2025-04-01 14:35:00,1,0.6758058667182922,2,2,67.532936,332.49585,8.498493,1,interactive
2025-04-01 14:40:00,1,0.6640547513961792,2,1,65.48029,327.78622,7.6964865,1,interactive
2025-04-01 14:40:00,1,0.6640547513961792,2,2,65.48029,327.78622,7.6964865,1,interactive
2025-04-01 14:45:00,1,0.6388612389564514,2,1,65.28594,327.78622,7.6964865,1,interactive
2025-04-01 14:45:00,1,0.6388612389564514,2,2,65.28594,327.78622,7.6964865,1,interactive
2025-04-01 14:50:00,1,0.7162057161331177,2,1,65.33321,327.78622,8.245576,1,interactive
2025-04-01 14:50:00,1,0.7162057161331177,2,2,65.33321,327.78622,8.245576,1,interactive
2025-04-01 14:55:00,1,0.8938567638397217,4,1,65.29252,327.5314,8.527997,1,interactive
2025-04-01 14:55:00,1,0.8938567638397217,4,2,65.29252,327.5314,8.527997,1,interactive
2025-04-01 14:55:00,1,0.8938567638397217,4,3,65.29252,327.5314,8.527997,1,interactive
2025-04-01 14:55:00,1,0.8938567638397217,4,4,65.29252,327.5314,8.527997,1,interactive
2025-04-01 15:00:00,1,0.8050041198730469,3,1,65.43375,325.3337,9.091245,1,interactive
2025-04-01 15:00:00,1,0.8050041198730469,3,2,65.43375,325.3337,9.091245,1,interactive
2025-04-01 15:00:00,1,0.8050041198730469,3,3,65.43375,325.3337,9.091245,1,interactive
2025-04-01 15:05:00,1,0.888931393623352,3,1,65.15809,323.92276,8.815245,1,interactive
2025-04-01 15:05:00,1,0.888931393623352,3,2,65.15809,323.92276,8.815245,1,interactive
2025-04-01 15:05:00,1,0.888931393623352,3,3,65.15809,323.92276,8.815245,1,interactive
2025-04-01 15:10:00,1,0.7945404052734375,3,1,64.78603,323.40244,8.156131,1,interactive
2025-04-01 15:10:00,1,0.7945404052734375,3,2,64.78603,323.40244,8.156131,1,interactive
2025-04-01 15:10:00,1,0.7945404052734375,3,3,64.78603,323.40244,8.156131,1,interactive
2025-04-01 15:15:00,1,0.6169895529747009,2,1,64.394646,320.89694,8.156131,1,interactive
2025-04-01 15:15:00,1,0.6169895529747009,2,2,64.394646,320.89694,8.156131,1,interactive
2025-04-01 15:20:00,1,0.4988033175468445,2,1,64.394646,321.34836,8.156131,1,interactive
2025-04-01 15:20:00,1,0.4988033175468445,2,2,64.394646,321.34836,8.156131,1,interactive
2025-04-01 15:25:00,1,0.583241879940033,2,1,64.22781,321.34836,8.156131,1,interactive
2025-04-01 15:25:00,1,0.583241879940033,2,2,64.22781,321.34836,8.156131,1,interactive
2025-04-01 15:30:00,1,0.5251550078392029,2,1,64.24231,318.92374,8.325207,1,interactive
2025-04-01 15:30:00,1,0.5251550078392029,2,2,64.24231,318.92374,8.325207,1,interactive
2025-04-01 15:35:00,1,0.4241878390312195,2,1,64.24912,322.6225,8.083705,1,interactive
2025-04-01 15:35:00,1,0.4241878390312195,2,2,64.24912,322.6225,8.083705,1,interactive
2025-04-01 15:40:00,1,0.5306307077407837,2,1,65.05208,324.02222,7.683278,1,interactive
2025-04-01 15:40:00,1,0.5306307077407837,2,2,65.05208,324.02222,7.683278,1,interactive
2025-04-01 15:45:00,1,0.503028929233551,2,1,65.41981,325.9271,7.9856825,1,interactive
2025-04-01 15:45:00,1,0.503028929233551,2,2,65.41981,325.9271,7.9856825,1,interactive
2025-04-01 15:50:00,1,0.434181809425354,2,1,65.82469,326.18396,8.817051,1,interactive
2025-04-01 15:50:00,1,0.434181809425354,2,2,65.82469,326.18396,8.817051,1,interactive
2025-04-01 15:55:00,1,0.46050697565078735,2,1,66.78106,333.15915,9.116929,1,interactive
2025-04-01 15:55:00,1,0.46050697565078735,2,2,66.78106,333.15915,9.116929,1,interactive
2025-04-01 16:00:00,1,0.47272568941116333,2,1,68.67936,341.80264,9.743659,1,interactive
2025-04-01 16:00:00,1,0.47272568941116333,2,2,68.67936,341.80264,9.743659,1,interactive
2025-04-01 16:05:00,1,0.8538745045661926,3,1,68.20608,341.80264,9.386836,1,interactive
2025-04-01 16:05:00,1,0.8538745045661926,3,2,68.20608,341.80264,9.386836,1,interactive
2025-04-01 16:05:00,1,0.8538745045661926,3,3,68.20608,341.80264,9.386836,1,interactive
2025-04-01 16:10:00,1,0.8731445670127869,3,1,68.06525,338.47223,8.571357,1,interactive
2025-04-01 16:10:00,1,0.8731445670127869,3,2,68.06525,338.47223,8.571357,1,interactive
2025-04-01 16:10:00,1,0.8731445670127869,3,3,68.06525,338.47223,8.571357,1,interactive
2025-04-01 16:15:00,1,0.8270335793495178,3,1,67.99155,337.1518,8.571357,1,interactive
2025-04-01 16:15:00,1,0.8270335793495178,3,2,67.99155,337.1518,8.571357,1,interactive
2025-04-01 16:15:00,1,0.8270335793495178,3,3,67.99155,337.1518,8.571357,1,interactive
2025-04-01 16:20:00,1,0.8764232397079468,4,1,67.99155,337.62604,8.571357,1,interactive
2025-04-01 16:20:00,1,0.8764232397079468,4,2,67.99155,337.62604,8.571357,1,interactive
2025-04-01 16:20:00,1,0.8764232397079468,4,3,67.99155,337.62604,8.571357,1,interactive
2025-04-01 16:20:00,1,0.8764232397079468,4,4,67.99155,337.62604,8.571357,1,interactive
2025-04-01 16:25:00,1,0.8146184682846069,3,1,67.99155,337.62604,8.571357,1,interactive
2025-04-01 16:25:00,1,0.8146184682846069,3,2,67.99155,337.62604,8.571357,1,interactive
2025-04-01 16:25:00,1,0.8146184682846069,3,3,67.99155,337.62604,8.571357,1,interactive
2025-04-01 16:30:00,1,0.8115673065185547,3,1,68.00688,337.91745,8.7481,1,interactive
2025-04-01 16:30:00,1,0.8115673065185547,3,2,68.00688,337.91745,8.7481,1,interactive
2025-04-01 16:30:00,1,0.8115673065185547,3,3,68.00688,337.91745,8.7481,1,interactive
2025-04-01 16:35:00,1,0.7941004633903503,2,1,67.958755,331.59714,8.567558,1,interactive
2025-04-01 16:35:00,1,0.7941004633903503,2,2,67.958755,331.59714,8.567558,1,interactive
2025-04-01 16:40:00,1,0.809033215045929,2,1,68.239746,331.4126,8.011498,1,interactive
2025-04-01 16:40:00,1,0.809033215045929,2,2,68.239746,331.4126,8.011498,1,interactive
2025-04-01 16:45:00,1,0.7949504256248474,2,1,67.907646,331.4126,8.011498,1,interactive
2025-04-01 16:45:00,1,0.7949504256248474,2,2,67.907646,331.4126,8.011498,1,interactive
2025-04-01 16:50:00,1,0.8785667419433594,3,1,67.95678,331.4126,8.672081,1,interactive
2025-04-01 16:50:00,1,0.8785667419433594,3,2,67.95678,331.4126,8.672081,1,interactive
2025-04-01 16:50:00,1,0.8785667419433594,3,3,67.95678,331.4126,8.672081,1,interactive
2025-04-01 16:55:00,1,0.8844410181045532,4,1,67.92815,331.4126,9.123499,1,interactive
2025-04-01 16:55:00,1,0.8844410181045532,4,2,67.92815,331.4126,9.123499,1,interactive
2025-04-01 16:55:00,1,0.8844410181045532,4,3,67.92815,331.4126,9.123499,1,interactive
2025-04-01 16:55:00,1,0.8844410181045532,4,4,67.92815,331.4126,9.123499,1,interactive
2025-04-01 17:00:00,1,0.8676643967628479,4,1,68.25992,331.30228,9.750636,1,interactive
2025-04-01 17:00:00,1,0.8676643967628479,4,2,68.25992,331.30228,9.750636,1,interactive
2025-04-01 17:00:00,1,0.8676643967628479,4,3,68.25992,331.30228,9.750636,1,interactive
2025-04-01 17:00:00,1,0.8676643967628479,4,4,68.25992,331.30228,9.750636,1,interactive
2025-04-01 17:05:00,1,0.7687749862670898,2,1,68.50524,334.9857,9.516311,1,interactive
2025-04-01 17:05:00,1,0.7687749862670898,2,2,68.50524,334.9857,9.516311,1,interactive
2025-04-01 17:10:00,1,0.7939118146896362,2,1,68.50524,336.08655,8.696084,1,interactive
2025-04-01 17:10:00,1,0.7939118146896362,2,2,68.50524,336.08655,8.696084,1,interactive
2025-04-01 17:15:00,1,0.6212659478187561,2,1,68.86327,339.54373,8.696084,1,interactive
2025-04-01 17:15:00,1,0.6212659478187561,2,2,68.86327,339.54373,8.696084,1,interactive
2025-04-01 17:20:00,1,0.4531433582305908,1,1,69.49349,344.21478,8.696084,1,interactive
2025-04-01 17:25:00,1,0.4050968587398529,1,1,69.49349,344.21478,8.696084,1,interactive
2025-04-01 17:30:00,1,0.4076337218284607,2,1,69.509155,344.68787,8.875131,1,interactive
2025-04-01 17:30:00,1,0.4076337218284607,2,2,69.509155,344.68787,8.875131,1,interactive
2025-04-01 17:35:00,1,0.45867836475372314,1,1,69.325516,343.58948,8.692236,1,interactive
2025-04-01 17:40:00,1,0.4840218126773834,2,1,69.4136,343.78558,8.262587,1,interactive
2025-04-01 17:40:00,1,0.4840218126773834,2,2,69.4136,343.78558,8.262587,1,interactive
2025-04-01 17:45:00,1,0.447481244802475,1,1,69.07587,343.78558,8.262587,1,interactive
2025-04-01 17:50:00,1,0.5614596009254456,2,1,69.36564,345.04144,8.765852,1,interactive
2025-04-01 17:50:00,1,0.5614596009254456,2,2,69.36564,345.04144,8.765852,1,interactive
2025-04-01 17:55:00,1,0.5173059105873108,2,1,69.46711,345.40714,8.468216,1,interactive
2025-04-01 17:55:00,1,0.5173059105873108,2,2,69.46711,345.40714,8.468216,1,interactive
2025-04-01 18:00:00,1,0.618235170841217,2,1,70.45574,345.46777,10.04881,1,interactive
2025-04-01 18:00:00,1,0.618235170841217,2,2,70.45574,345.46777,10.04881,1,interactive
2025-04-01 18:05:00,1,0.5573485493659973,2,1,69.892944,345.46777,8.774007,1,interactive
2025-04-01 18:05:00,1,0.5573485493659973,2,2,69.892944,345.46777,8.774007,1,interactive
2025-04-01 18:10:00,1,0.6272885203361511,2,1,69.904366,345.5864,8.697249,1,interactive
2025-04-01 18:10:00,1,0.6272885203361511,2,2,69.904366,345.5864,8.697249,1,interactive
2025-04-01 18:15:00,1,0.6703154444694519,2,1,69.402115,342.6517,8.865919,1,interactive
2025-04-01 18:15:00,1,0.6703154444694519,2,2,69.402115,342.6517,8.865919,1,interactive
2025-04-01 18:20:00,1,0.5123124122619629,2,1,69.402115,343.13367,8.865919,1,interactive
2025-04-01 18:20:00,1,0.5123124122619629,2,2,69.402115,343.13367,8.865919,1,interactive
2025-04-01 18:25:00,1,0.57366544008255,2,1,69.402115,343.37234,8.723556,1,interactive
2025-04-01 18:25:00,1,0.57366544008255,2,2,69.402115,343.37234,8.723556,1,interactive
2025-04-01 18:30:00,1,0.5558103919029236,2,1,69.55241,344.76733,8.90311,1,interactive
2025-04-01 18:30:00,1,0.5558103919029236,2,2,69.55241,344.76733,8.90311,1,interactive
2025-04-01 18:35:00,1,0.5771477222442627,2,1,69.503204,345.35693,8.719697,1,interactive
2025-04-01 18:35:00,1,0.5771477222442627,2,2,69.503204,345.35693,8.719697,1,interactive
2025-04-01 18:40:00,1,0.5592158436775208,2,1,69.61467,345.55402,8.154795,1,interactive
2025-04-01 18:40:00,1,0.5592158436775208,2,2,69.61467,345.55402,8.154795,1,interactive
2025-04-01 18:45:00,1,0.61907958984375,2,1,69.39849,345.45172,8.154795,1,interactive
2025-04-01 18:45:00,1,0.61907958984375,2,2,69.39849,345.45172,8.154795,1,interactive
2025-04-01 18:50:00,1,0.5078590512275696,2,1,69.385704,344.0841,8.792345,1,interactive
2025-04-01 18:50:00,1,0.5078590512275696,2,2,69.385704,344.0841,8.792345,1,interactive
2025-04-01 18:55:00,1,0.5829557180404663,2,1,69.498566,343.4385,9.30583,1,interactive
2025-04-01 18:55:00,1,0.5829557180404663,2,2,69.498566,343.4385,9.30583,1,interactive
2025-04-01 19:00:00,1,0.564027726650238,2,1,70.67017,345.12662,9.980074,1,interactive
2025-04-01 19:00:00,1,0.564027726650238,2,2,70.67017,345.12662,9.980074,1,interactive
2025-04-01 19:05:00,1,0.6073880195617676,2,1,70.04295,345.12662,9.6524725,1,interactive
2025-04-01 19:05:00,1,0.6073880195617676,2,2,70.04295,345.12662,9.6524725,1,interactive
2025-04-01 19:10:00,1,0.5083839893341064,2,1,70.04295,345.61102,8.7840395,1,interactive
2025-04-01 19:10:00,1,0.5083839893341064,2,2,70.04295,345.61102,8.7840395,1,interactive
2025-04-01 19:15:00,1,0.38863036036491394,2,1,69.7643,342.4602,8.722923,1,interactive
2025-04-01 19:15:00,1,0.38863036036491394,2,2,69.7643,342.4602,8.722923,1,interactive
2025-04-01 19:20:00,1,0.3537210524082184,1,1,69.7643,342.9419,8.722923,1,interactive
2025-04-01 19:30:00,1,0.4038431942462921,2,1,69.38144,343.23788,8.902465,1,interactive
2025-04-01 19:30:00,1,0.4038431942462921,2,2,69.38144,343.23788,8.902465,1,interactive
2025-04-01 19:35:00,1,0.4021972417831421,2,1,69.33236,343.23788,8.719064,1,interactive
2025-04-01 19:35:00,1,0.4021972417831421,2,2,69.33236,343.23788,8.719064,1,interactive
2025-04-01 19:40:00,1,0.47071853280067444,2,1,69.42045,343.43375,8.154199,1,interactive
2025-04-01 19:40:00,1,0.47071853280067444,2,2,69.42045,343.43375,8.154199,1,interactive
2025-04-01 19:45:00,1,0.41787785291671753,2,1,69.08269,343.43375,8.154199,1,interactive
2025-04-01 19:45:00,1,0.41787785291671753,2,2,69.08269,343.43375,8.154199,1,interactive
2025-04-01 20:00:00,1,0.39240968227386475,2,1,69.674934,343.49405,9.683467,1,interactive
2025-04-01 20:00:00,1,0.39240968227386475,2,2,69.674934,343.49405,9.683467,1,interactive
2025-04-01 20:25:00,1,0.39677801728248596,2,1,67.93955,333.2919,8.482539,1,interactive
2025-04-01 20:25:00,1,0.39677801728248596,2,2,67.93955,333.2919,8.482539,1,interactive
2025-04-01 20:30:00,1,0.4444598853588104,2,1,68.051674,333.5796,8.657642,1,interactive
2025-04-01 20:30:00,1,0.4444598853588104,2,2,68.051674,333.5796,8.657642,1,interactive
2025-04-01 20:50:00,1,0.3601408898830414,2,1,68.34968,335.89645,8.398621,1,interactive
2025-04-01 20:50:00,1,0.3601408898830414,2,2,68.34968,335.89645,8.398621,1,interactive
2025-04-01 20:55:00,1,0.4009813368320465,2,1,68.36158,336.3163,8.708335,1,interactive
2025-04-01 20:55:00,1,0.4009813368320465,2,2,68.36158,336.3163,8.708335,1,interactive
2025-04-01 21:00:00,1,0.4875487685203552,2,1,68.75436,336.7908,9.472315,1,interactive
2025-04-01 21:00:00,1,0.4875487685203552,2,2,68.75436,336.7908,9.472315,1,interactive
2025-04-01 21:05:00,1,0.4134233891963959,2,1,68.830635,335.65796,9.175028,1,interactive
2025-04-01 21:05:00,1,0.4134233891963959,2,2,68.830635,335.65796,9.175028,1,interactive
2025-04-01 21:10:00,1,0.400673508644104,2,1,68.69494,334.35074,8.400065,1,interactive
2025-04-01 21:10:00,1,0.400673508644104,2,2,68.69494,334.35074,8.400065,1,interactive
2025-04-01 21:15:00,1,0.379399836063385,2,1,68.42157,332.87708,8.31381,1,interactive
2025-04-01 21:15:00,1,0.379399836063385,2,2,68.42157,332.87708,8.31381,1,interactive
2025-04-01 21:20:00,1,0.5209420323371887,2,1,67.41927,331.2424,8.31381,1,interactive
2025-04-01 21:20:00,1,0.5209420323371887,2,2,67.41927,331.2424,8.31381,1,interactive
2025-04-01 21:25:00,1,0.5145939588546753,2,1,68.31916,335.43152,8.31381,1,interactive
2025-04-01 21:25:00,1,0.5145939588546753,2,2,68.31916,335.43152,8.31381,1,interactive
2025-04-01 21:30:00,1,0.45133209228515625,2,1,68.6986,337.15454,8.539751,1,interactive
2025-04-01 21:30:00,1,0.45133209228515625,2,2,68.6986,337.15454,8.539751,1,interactive
2025-04-01 21:35:00,1,0.5512961149215698,2,1,68.70139,337.15454,8.342575,1,interactive
2025-04-01 21:35:00,1,0.5512961149215698,2,2,68.70139,337.15454,8.342575,1,interactive
2025-04-01 21:40:00,1,0.3843667507171631,2,1,68.86404,338.13165,7.799591,1,interactive
2025-04-01 21:40:00,1,0.3843667507171631,2,2,68.86404,338.13165,7.799591,1,interactive
2025-04-01 21:45:00,1,0.3940827250480652,2,1,68.52894,338.13165,7.780575,1,interactive
2025-04-01 21:45:00,1,0.3940827250480652,2,2,68.52894,338.13165,7.780575,1,interactive
2025-04-01 21:50:00,1,0.3552049398422241,2,1,68.54164,339.61047,8.347227,1,interactive
2025-04-01 21:50:00,1,0.3552049398422241,2,2,68.54164,339.61047,8.347227,1,interactive
2025-04-01 21:55:00,1,0.4405636191368103,2,1,69.48525,341.3841,8.632753,1,interactive
2025-04-01 21:55:00,1,0.4405636191368103,2,2,69.48525,341.3841,8.632753,1,interactive
2025-04-01 22:00:00,1,0.5365532040596008,2,1,69.78715,341.08987,9.937564,1,interactive
2025-04-01 22:00:00,1,0.5365532040596008,2,2,69.78715,341.08987,9.937564,1,interactive
2025-04-01 22:05:00,1,0.36549973487854004,2,1,69.78715,341.89746,9.15988,1,interactive
2025-04-01 22:05:00,1,0.36549973487854004,2,2,69.78715,341.89746,9.15988,1,interactive
2025-04-01 22:10:00,1,0.465981125831604,2,1,69.78715,342.37735,8.120053,1,interactive
2025-04-01 22:10:00,1,0.465981125831604,2,2,69.78715,342.37735,8.120053,1,interactive
2025-04-01 22:15:00,1,0.4509925842285156,1,1,69.50949,341.14337,8.087293,1,interactive
2025-04-01 22:30:00,1,0.45132529735565186,2,1,69.92263,341.91806,8.175639,1,interactive
2025-04-01 22:30:00,1,0.45132529735565186,2,2,69.92263,341.91806,8.175639,1,interactive
2025-04-01 22:35:00,1,0.40041080117225647,1,1,69.70015,341.91806,8.005699,1,interactive
2025-04-01 22:45:00,1,0.383277952671051,2,1,69.183914,341.83746,8.37476,1,interactive
2025-04-01 22:45:00,1,0.383277952671051,2,2,69.183914,341.83746,8.37476,1,interactive
2025-04-01 22:55:00,1,0.38254013657569885,1,1,69.6501,342.69464,11.346354,1,interactive
2025-04-01 23:00:00,1,0.35609132051467896,2,1,70.464325,341.6219,8.092123,1,interactive
2025-04-01 23:00:00,1,0.35609132051467896,2,2,70.464325,341.6219,8.092123,1,interactive
2025-04-01 23:05:00,1,0.396984338760376,2,1,70.464325,341.6219,7.783489,1,interactive
2025-04-01 23:05:00,1,0.396984338760376,2,2,70.464325,341.6219,7.783489,1,interactive
2025-04-01 23:15:00,1,0.4314422607421875,2,1,69.70096,340.8684,6.7026377,1,interactive
2025-04-01 23:15:00,1,0.4314422607421875,2,2,69.70096,340.8684,6.7026377,1,interactive
2025-04-01 23:20:00,1,0.5251248478889465,2,1,69.31801,341.34787,6.7026377,1,interactive
2025-04-01 23:20:00,1,0.5251248478889465,2,2,69.31801,341.34787,6.7026377,1,interactive
2025-04-01 23:25:00,1,0.5255509614944458,2,1,69.31801,341.34787,6.812903,1,interactive
2025-04-01 23:25:00,1,0.5255509614944458,2,2,69.31801,341.34787,6.812903,1,interactive
2025-04-01 23:30:00,1,0.57741779088974,2,1,69.49204,341.6425,6.957175,1,interactive
2025-04-01 23:30:00,1,0.57741779088974,2,2,69.49204,341.6425,6.957175,1,interactive
2025-04-01 23:35:00,1,0.6490194797515869,2,1,69.44289,341.6425,6.809802,1,interactive
2025-04-01 23:35:00,1,0.6490194797515869,2,2,69.44289,341.6425,6.809802,1,interactive
2025-04-01 23:40:00,1,0.6688419580459595,2,1,69.73286,341.83746,6.585172,1,interactive
2025-04-01 23:40:00,1,0.6688419580459595,2,2,69.73286,341.83746,6.585172,1,interactive
2025-04-01 23:45:00,1,0.7441398501396179,2,1,70.00682,341.83746,7.1693764,1,interactive
2025-04-01 23:45:00,1,0.7441398501396179,2,2,70.00682,341.83746,7.1693764,1,interactive
2025-04-01 23:50:00,1,0.6420806050300598,2,1,71.81875,357.71146,8.439838,1,interactive
2025-04-01 23:50:00,1,0.6420806050300598,2,2,71.81875,357.71146,8.439838,1,interactive
2025-04-01 23:55:00,1,0.6773873567581177,2,1,71.93551,358.60834,8.728193,1,interactive
2025-04-01 23:55:00,1,0.6773873567581177,2,2,71.93551,358.60834,8.728193,1,interactive
